route_id,agency_id,route_short_name,route_name,route_desc,route_type,route_url,route_color,route_text_color,dummy,Frequency/Timings source,Frequency timings destination,Comments,route_long_name,has_schedule,Zone
1,BMTCB,,Jayanagar 4th Block -Yeshwanthpur,,3,,0000FF,FFFFFF,1.0,,,,1:Jayanagar 4th Block -Yeshwanthpur,True,Bangalore South
1A,BMTCB,,Jayanagar 9th Block -Yeshwanthpur,,3,,F53333,FFFFFF,1.0,,,,1A :Jayanagar 9th Block -Yeshwanthpur,False,
1E,BMTCB,,J P Nagar 6th Phase -Chowdeshwari Bus Station,,3,,F53333,FFFFFF,1.0,,,Runs as 1E only at 9:15AM-runs as 2/99A in all other trips(Posted by ss87),1E :J P Nagar 6th Phase -Chowdeshwari Bus Station,False,
1F,BMTCB,,K R Market -Kuvempunagar (BTM Layout),,3,,F53333,FFFFFF,1.0,,,,1F :K R Market -Kuvempunagar (BTM Layout),False,
2,BMTCB,,Kempegowda Bus Station -J P Nagar 6th Phase,,3,,F53333,FFFFFF,1.0,"04:15,4:40,5AM 5-10 minutes once between 5AM and 10:00PM.Last bus 12AM","4:40,5AM 10 minutes once upto 9:30PM. Last bus at 11:15PM",,2:Kempegowda Bus Station -J P Nagar 6th Phase,False,
2A,BMTCB,,Kempegowda Bus Station -J P Nagar 1st Phase,,3,,F53333,FFFFFF,1.0,,,,2A :Kempegowda Bus Station -J P Nagar 1st Phase,False,
2B,BMTCB,,Kempegowda Bus Station -Ilyasnagar,,3,,F53333,FFFFFF,1.0,,,,2B :Kempegowda Bus Station -Ilyasnagar,False,
2F,BMTCB,,J.P.Nagar 6th phase-Majestic-Basaveshwaranagara,,3,,F53333,FFFFFF,1.0,,,,2F:J.P.Nagar 6th phase-Majestic-Basaveshwaranagara,False,
2LD,BMTCB,,J.P.Nagar 6th Phase- Vidhana soudha,Ladies Special,3,,F53333,FFFFFF,1.0,09:15:00,,Bus no. KA-01-FA-127 run on this route,2LD:J.P.Nagar 6th Phase- Vidhana soudha,False,
3,BMTCB,,J P Nagar 6th Phase -Girinagar 2nd Stage,,3,,F53333,FFFFFF,1.0,,,,3:J P Nagar 6th Phase -Girinagar 2nd Stage,False,
3B,BMTCB,,Jayanagar 9th Block -Banashankari 3rd Stage 2nd Phase,,3,,F53333,FFFFFF,1.0,,,,3B :Jayanagar 9th Block -Banashankari 3rd Stage 2nd Phase,False,
3A,BMTCB,,Jayanagar 9th block-Kathriguppe,,3,,F53333,FFFFFF,1.0,,,,3A:Jayanagar 9th block-Kathriguppe,False,
3E,BMTCB,,Kuvempunagar (BTM Layout) -Banashankari 3rd Stage 2nd Phase,,3,,F53333,FFFFFF,1.0,,,,3E :Kuvempunagar (BTM Layout) -Banashankari 3rd Stage 2nd Phase,False,
3F,BMTCB,,J P Nagar 3rd Phase -Banashankari 3rd Stage 2nd Phase,,3,,F53333,FFFFFF,1.0,,,,3F :J P Nagar 3rd Phase -Banashankari 3rd Stage 2nd Phase,False,
7,BMTCB,,Jayanagar 4th Block -Domlur,,3,,F53333,FFFFFF,1.0,,,,7:Jayanagar 4th Block -Domlur,False,
7D,BMTCB,,Banashankari -Jeevanabhimanagar,,3,,F53333,FFFFFF,1.0,,,,7D :Banashankari -Jeevanabhimanagar,False,
7H,BMTCB,,Jayanagar 4th block-Jayanagar 4th block,"Wilson garden,Austin town,koramangla BDA,BTM",3,,F53333,FFFFFF,1.0,,,,7H:Jayanagar 4th block-Jayanagar 4th block,False,
10A,BMTCB,,K R Market -J P Nagar 3rd Phase,,3,,F53333,FFFFFF,1.0,,Runs from vidhanasoudha in the evening,,10A :K R Market -J P Nagar 3rd Phase,False,
12,BMTCB,,Kempegowda Bus Station -Banashankari,,3,,F53333,FFFFFF,1.0,,,,12:Kempegowda Bus Station -Banashankari,False,
12A,BMTCB,,Kempegowda Bus Station -Banashankari 2nd Stage,,3,,F53333,FFFFFF,1.0,,,,12A :Kempegowda Bus Station -Banashankari 2nd Stage,False,
12B,BMTCB,,Kempegowda Bus Station -Padmanabhanagar,,3,,F53333,FFFFFF,1.0,,,,12B :Kempegowda Bus Station -Padmanabhanagar,False,
12C,BMTCB,,Kempegowda Bus Station -Padmanabhanagar,,3,,F53333,FFFFFF,1.0,,,,12C :Kempegowda Bus Station -Padmanabhanagar,False,
12D,BMTCB,,Kempegowda Bus Station -Kadirenahalli Park,,3,,F53333,FFFFFF,1.0,,,,12D :Kempegowda Bus Station -Kadirenahalli Park,False,
12E,BMTCB,,Kempegowda Bus Station -Banashankari,,3,,F53333,FFFFFF,1.0,,,,12E :Kempegowda Bus Station -Banashankari,False,
7F,BMTCB,,J P Nagar 3rd Phase -Jeevanabhimanagar,,3,,F53333,FFFFFF,1.0,Only one service in morning,Only one service in morning,,7F :J P Nagar 3rd Phase -Jeevanabhimanagar,False,
13,BMTCB,,Shivajinagar -Banashankari,,3,,F53333,FFFFFF,1.0,,,,13:Shivajinagar -Banashankari,False,
13A,BMTCB,,Shivajinagar -Kumaraswamy Layout 2nd Stage,,3,,F53333,FFFFFF,1.0,,,,13A :Shivajinagar -Kumaraswamy Layout 2nd Stage,False,
13B,BMTCB,,Shivajinagar -Padmanabhanagar,,3,,F53333,FFFFFF,1.0,,,,13B :Shivajinagar -Padmanabhanagar,False,
13C,BMTCB,,Shivajinagar -Kumaraswamy Layout,,3,,F53333,FFFFFF,1.0,,,,13C :Shivajinagar -Kumaraswamy Layout,False,
13D,BMTCB,,Shivajinagar -Kadirenahalli Park,,3,,F53333,FFFFFF,1.0,,,,13D :Shivajinagar -Kadirenahalli Park,False,
13E,BMTCB,,Shivajinagar -Srividyanagar,,3,,F53333,FFFFFF,1.0,,,,13E :Shivajinagar -Srividyanagar,False,
13F,BMTCB,,Shivajinagar -Chennammanakere Achkattu,,3,,F53333,FFFFFF,1.0,,,,13F :Shivajinagar -Chennammanakere Achkattu,False,
13G,BMTCB,,Shivajinagar -JHBCS Layout,,3,,F53333,FFFFFF,1.0,,,,13G :Shivajinagar -JHBCS Layout,False,
13H,BMTCB,,Shivajinagar -Arehalli AGS Layout,,3,,F53333,FFFFFF,1.0,,,,13H :Shivajinagar -Arehalli AGS Layout,False,
13J,BMTCB,,Shivajinagar -Hosakerehalli,,3,,F53333,FFFFFF,1.0,,,,13J :Shivajinagar -Hosakerehalli,False,
13K,BMTCB,,Shivajinagar -Minaznagar,,3,,F53333,FFFFFF,1.0,,,,13K :Shivajinagar -Minaznagar,False,
14,BMTCB,,Banashankari -Malleswaram 18th Cross,,3,,F53333,FFFFFF,1.0,,,,14:Banashankari -Malleswaram 18th Cross,False,
14A,BMTCB,,Banashankari -Mathikere,,3,,F53333,FFFFFF,1.0,,,,14A :Banashankari -Mathikere,False,
14B,BMTCB,,Banashankari -Devasandra,,3,,F53333,FFFFFF,1.0,,,,14B :Banashankari -Devasandra,False,
15,BMTCB,,K R Market -Banashankari 2nd Stage,,3,,F53333,FFFFFF,1.0,,,,15:K R Market -Banashankari 2nd Stage,False,
15A,BMTCB,,K R Market -Padmanabhanagar,,3,,F53333,FFFFFF,1.0,,,,15A :K R Market -Padmanabhanagar,False,
15C,BMTCB,,Kempegowda Bus Station -Kumaraswamy Layout,,3,,F53333,FFFFFF,1.0,,,,15C :Kempegowda Bus Station -Kumaraswamy Layout,False,
15E,BMTCB,,Kempegowda Bus Station -Kumaraswamy Layout,,3,,F53333,FFFFFF,1.0,5-10 minutes once,,,15E :Kempegowda Bus Station -Kumaraswamy Layout,False,
15F,BMTCB,,K R Market -Kumaraswamy Layout 2nd Stage,,3,,F53333,FFFFFF,1.0,,,,15F :K R Market -Kumaraswamy Layout 2nd Stage,False,
15G,BMTCB,,Kempegowda Bus Station -Kumaraswamy Layout 2nd Stage,,3,,F53333,FFFFFF,1.0,,,,15G :Kempegowda Bus Station -Kumaraswamy Layout 2nd Stage,False,
15H,BMTCB,,Kempegowda Bus Station -JHBCS Layout,,3,,F53333,FFFFFF,1.0,,,,15H :Kempegowda Bus Station -JHBCS Layout,False,
15K,BMTCB,,Shivajinagar -Ilyasnagar,,3,,F53333,FFFFFF,1.0,,,,15K :Shivajinagar -Ilyasnagar,False,
15L,BMTCB,,Kempegowda Bus Station -Minaznagar,,3,,F53333,FFFFFF,1.0,,,,15L :Kempegowda Bus Station -Minaznagar,False,
16,BMTCB,,K R Market -J P Nagar 3rd Phase,,3,,F53333,FFFFFF,1.0,,,,16:K R Market -J P Nagar 3rd Phase,False,
18,BMTCB,,Kempegowda Bus Station -Jayanagar 9th Block,,3,,F53333,FFFFFF,1.0,,,,18:Kempegowda Bus Station -Jayanagar 9th Block,False,
18A,BMTCB,,Vidhana soudha-J.P.Nagar 3rd phase,,3,,F53333,FFFFFF,1.0,Morning 9AM from J.P.Nagar,Evening 5PM from vidhana soudha,,18A:Vidhana soudha-J.P.Nagar 3rd phase,False,
20,BMTCB,,Shivajinagar -Jayanagar 9th Block,,3,,F53333,FFFFFF,1.0,,,,20:Shivajinagar -Jayanagar 9th Block,False,
21,BMTCB,,K R Market -Byrasandra (Jayanagar),,3,,F53333,FFFFFF,1.0,,,,21:K R Market -Byrasandra (Jayanagar),False,
22,BMTCB,,Kempegowda Bus Station -Jayanagar LIC Colony,,3,,F53333,FFFFFF,1.0,,,,22:Kempegowda Bus Station -Jayanagar LIC Colony,False,
22A,BMTCB,,Jayanagar LIC Colony -Shivajinagar,,3,,F53333,FFFFFF,1.0,,,,22A :Jayanagar LIC Colony -Shivajinagar,False,
23,BMTCB,,J P Nagar 3rd Phase -Yeshwanthpur,,3,,F53333,FFFFFF,1.0,,,,23:J P Nagar 3rd Phase -Yeshwanthpur,False,
24,BMTCB,,K R Market -Kuvempunagar (BTM Layout),,3,,F53333,FFFFFF,1.0,,,,24:K R Market -Kuvempunagar (BTM Layout),False,
24A,BMTCB,,K R Market -Kuvempunagar South (BTM 2nd stage Mahadeshwara nagar,,3,,F53333,FFFFFF,1.0,,,,24A :K R Market -Kuvempunagar South (BTM 2nd stage Mahadeshwara nagar,False,
24B,BMTCB,,K R Market -Jayanagar LIC Colony,,3,,F53333,FFFFFF,1.0,,,,24B :K R Market -Jayanagar LIC Colony,False,
24C,BMTCB,,K.R.Market -East end circle,,3,,F53333,FFFFFF,1.0,,,,24C:K.R.Market -East end circle,False,
24E,BMTCB,,K R Market -J P Nagar 3rd Phase,,3,,F53333,FFFFFF,1.0,,,,24E :K R Market -J P Nagar 3rd Phase,False,
24F,BMTCB,,K R Market -Old Gurappanapalya,,3,,F53333,FFFFFF,1.0,,,,24F :K R Market -Old Gurappanapalya,False,
24H,BMTCB,,K R Market -N S Palya (J.P.Nagar shopper's stop),,3,,F53333,FFFFFF,1.0,,,,24H :K R Market -N S Palya (J.P.Nagar shopper's stop),False,
25,BMTCB,,City Railway Station- Kuvempu nagar,,3,,F53333,FFFFFF,1.0,,,,25: City Railway station- Kuvempunagar,False,
25A,BMTCB,,Kempegowda Bus Station -Kuvempunagar (BTM Layout),,3,,F53333,FFFFFF,1.0,,,,25A :Kempegowda Bus Station -Kuvempunagar (BTM Layout),False,
25B,BMTCB,,Kempegowda Bus Station -Kuvempunagar South (BTM Layout 2nd stage Mahadeshwara nagar),,3,,F53333,FFFFFF,1.0,,,,25B :Kempegowda Bus Station -Kuvempunagar South (BTM Layout 2nd stage Mahadeshwara nagar),False,
25C,BMTCB,,Kempegowda Bus Station -Balajinagar,,3,,F53333,FFFFFF,1.0,,,,25C :Kempegowda Bus Station -Balajinagar,False,
25D,BMTCB,,Kempegowda Bus Station -Kuvempunagar (BTM Layout),,3,,F53333,FFFFFF,1.0,,,,25D :Kempegowda Bus Station -Kuvempunagar (BTM Layout),False,
25E,BMTCB,,Kempegowda Bus Station -J P Nagar 3rd Phase,,3,,F53333,FFFFFF,1.0,,,,25E :Kempegowda Bus Station -J P Nagar 3rd Phase,False,
25F,BMTCB,,Kempegowda Bus Station -Kuvempunagar EWS Colony (BTM Layout),,3,,F53333,FFFFFF,1.0,,,,25F :Kempegowda Bus Station -Kuvempunagar EWS Colony (BTM Layout),False,
25H,BMTCB,,Kempegowda Bus Station -N S Palya,,3,,F53333,FFFFFF,1.0,,,,25H :Kempegowda Bus Station -N S Palya,False,
25J,BMTCB,,Kempegowda Bus Station -Thavarekere (BTM Layout),,3,,F53333,FFFFFF,1.0,,,,25J :Kempegowda Bus Station -Thavarekere (BTM Layout),False,
26,BMTCB,,Kempegowda Bus Station -Byrasandra (Jayanagar),,3,,F53333,FFFFFF,1.0,,,,26:Kempegowda Bus Station -Byrasandra (Jayanagar),False,
27,BMTCB,,Shivajinagar -Kuvempunagar South (BTM Layout),,3,,F53333,FFFFFF,1.0,,,,27:Shivajinagar -Kuvempunagar South (BTM Layout),False,
27A,BMTCB,,Shivajinagar- N.S.Palya(J.P.Nagar shopper's stop),,3,,F53333,FFFFFF,1.0,,,,27A:Shivajinagar- N.S.Palya(J.P.Nagar shopper's stop),False,
27E,BMTCB,,Shivajinagar -J P Nagar 3rd Phase,,3,,F53333,FFFFFF,1.0,,,,27E :Shivajinagar -J P Nagar 3rd Phase,False,
28,BMTCB,,J P Nagar 6th Phase -Sadashivanagar,,3,,F53333,FFFFFF,1.0,,,Runs as 2/104 via majestic,28:J P Nagar 6th Phase -Sadashivanagar,False,
29,BMTCB,,Shivajinagar -J P Nagar 6th Phase,,3,,F53333,FFFFFF,1.0,,,,29:Shivajinagar -J P Nagar 6th Phase,False,
29A,BMTCB,,Shivajinagar -J P Nagar 1st Phase,,3,,F53333,FFFFFF,1.0,,,,29A :Shivajinagar -J P Nagar 1st Phase,False,
29E,BMTCB,,Shivajinagar -Ilyasnagar,,3,,F53333,FFFFFF,1.0,,,,29E :Shivajinagar -Ilyasnagar,False,
29/270,BMTCB,,J.P.Nagar 6th Phase-Shivajinagar-Jalahalli Cross,,3,,F53333,FFFFFF,1.0,"9:45AM,2PM",,,29/270:J.P.Nagar 6th Phase-Shivajinagar-Jalahalli Cross,False,
30,BMTCB,,N R Colony -Ganganagar,,3,,F53333,FFFFFF,1.0,,,,30:N R Colony -Ganganagar,False,
30C,BMTCB,,Kempegowda Bus Station -Ganganagar,,3,,F53333,FFFFFF,1.0,,,,30C :Kempegowda Bus Station -Ganganagar,False,
30E,BMTCB,,N R Colony -Sultanpalya,,3,,F53333,FFFFFF,1.0,,,,30E :N R Colony -Sultanpalya,False,
31,BMTCB,,Kempegowda Bus Station -N R Colony,,3,,F53333,FFFFFF,1.0,,,,31:Kempegowda Bus Station -N R Colony,False,
31E,BMTCB,,Kempegowda Bus Station -Thyagarajanagar,,3,,F53333,FFFFFF,1.0,,,,31E :Kempegowda Bus Station -Thyagarajanagar,False,
32,BMTCB,,Shivajinagar -N R Colony,,3,,F53333,FFFFFF,1.0,,,,32:Shivajinagar -N R Colony,False,
32E,BMTCB,,Shivajinagar -Thyagarajanagar,,3,,F53333,FFFFFF,1.0,,,,32E :Shivajinagar -Thyagarajanagar,False,
33,BMTCB,,K R Market -Hosakerehalli,,3,,F53333,FFFFFF,1.0,,,,33:K R Market -Hosakerehalli,False,
33E,BMTCB,,Banashankari 3rd Stage 2nd Phase -Kamalanagar BEML Layout,,3,,F53333,FFFFFF,1.0,,,,33E :Banashankari 3rd Stage 2nd Phase -Kamalanagar BEML Layout,False,
34,BMTCB,,Shivajinagar -Srividyanagar,,3,,F53333,FFFFFF,1.0,,,,34:Shivajinagar -Srividyanagar,False,
34A,BMTCB,,Shivajinagar -Srividyanagar,,3,,F53333,FFFFFF,1.0,,,,34A :Shivajinagar -Srividyanagar,False,
34B,BMTCB,,Shivajinagar -Vivekanandanagar,,3,,F53333,FFFFFF,1.0,,,,34B :Shivajinagar -Vivekanandanagar,False,
34C,BMTCB,,Shivajinagar -Muneshwara Block,,3,,F53333,FFFFFF,1.0,,,,34C :Shivajinagar -Muneshwara Block,False,
34D,BMTCB,,Shivajinagar -Veerabhadranagar,,3,,F53333,FFFFFF,1.0,,,,34D :Shivajinagar -Veerabhadranagar,False,
34F,BMTCB,,Shivajinagar -Krishnappa Layout,,3,,F53333,FFFFFF,1.0,,,,34F :Shivajinagar -Krishnappa Layout,False,
34S,BMTCB,,Shivajinagar -Chennammanakere Achkattu,,3,,F53333,FFFFFF,1.0,,,,34S :Shivajinagar -Chennammanakere Achkattu,False,
35,BMTCB,,Kempegowda Bus Station -Kempegowdanagar Swimming Pool,,3,,F53333,FFFFFF,1.0,,,,35:Kempegowda Bus Station -Kempegowdanagar Swimming Pool,False,
35A,BMTCB,,K R Market -Srinagar,,3,,F53333,FFFFFF,1.0,,,,35A :K R Market -Srinagar,False,
35B,BMTCB,,Kempegowda Bus Station -Srinagar,,3,,F53333,FFFFFF,1.0,,,,35B :Kempegowda Bus Station -Srinagar,False,
36,BMTCB,,Kempegowda Bus Station -Srinagar,,3,,F53333,FFFFFF,1.0,,,,36:Kempegowda Bus Station -Srinagar,False,
36A,BMTCB,,Kempegowda Bus Station -Avalahalli BDA Park,,3,,F53333,FFFFFF,1.0,,,,36A :Kempegowda Bus Station -Avalahalli BDA Park,False,
36B,BMTCB,,Kempegowda Bus Station -Girinagar 2nd Stage,,3,,F53333,FFFFFF,1.0,,,,36B :Kempegowda Bus Station -Girinagar 2nd Stage,False,
36D,BMTCB,,Kempegowda Bus Station -Muneshwara Block,,3,,F53333,FFFFFF,1.0,,,,36D :Kempegowda Bus Station -Muneshwara Block,False,
36E,BMTCB,,Kempegowda Bus Station -Girinagar 2nd Stage,,3,,F53333,FFFFFF,1.0,,,,36E :Kempegowda Bus Station -Girinagar 2nd Stage,False,
36F,BMTCB,,Kempegowda Bus Station -Kalidasa Layout,,3,,F53333,FFFFFF,1.0,,,,36F :Kempegowda Bus Station -Kalidasa Layout,False,
37,BMTCB,,Shivajinagar -Srinagar,,3,,F53333,FFFFFF,1.0,,,,37:Shivajinagar -Srinagar,False,
37A,BMTCB,,Shivajinagar -Muneshwara Block,,3,,F53333,FFFFFF,1.0,,,,37A :Shivajinagar -Muneshwara Block,False,
37B,BMTCB,,Shivajinagar -Timber Yard Layout,,3,,F53333,FFFFFF,1.0,,,,37B :Shivajinagar -Timber Yard Layout,False,
37D,BMTCB,,Shivajinagar -Kempegowdanagar Swimming Pool,,3,,F53333,FFFFFF,1.0,,,,37D :Shivajinagar -Kempegowdanagar Swimming Pool,False,
37E,BMTCB,,Shivajinagar -Girinagar Circle,,3,,F53333,FFFFFF,1.0,,,,37E :Shivajinagar -Girinagar Circle,False,
37F,BMTCB,,Shivajinagar -Girinagar 2nd Stage,,3,,F53333,FFFFFF,1.0,,,,37F :Shivajinagar -Girinagar 2nd Stage,False,
38,BMTCB,,N R Colony -Domlur,,3,,F53333,FFFFFF,1.0,,,Only 9AM trip from N.R.colony,38:N R Colony -Domlur,False,
41,BMTCB,,Gandhi Bazaar -Malleswaram 18th Cross,,3,,F53333,FFFFFF,1.0,,,,41:Gandhi Bazaar -Malleswaram 18th Cross,False,
43,BMTCB,,Kempegowda Bus Station -Srividyanagar,,3,,F53333,FFFFFF,1.0,,,,43:Kempegowda Bus Station -Srividyanagar,False,
43A,BMTCB,,Kempegowda Bus Station -Vivekanandanagar,,3,,F53333,FFFFFF,1.0,,,,43A :Kempegowda Bus Station -Vivekanandanagar,False,
43B,BMTCB,,Kempegowda Bus Station -Hosakerehalli,,3,,F53333,FFFFFF,1.0,,,,43B :Kempegowda Bus Station -Hosakerehalli,False,
43C,BMTCB,,Kempegowda Bus Station -Muneshwaranagar Kerekodi (Hosakerehalli),,3,,F53333,FFFFFF,1.0,,,,43C :Kempegowda Bus Station -Muneshwaranagar Kerekodi (Hosakerehalli),False,
43D,BMTCB,,Kempegowda Bus Station -Veerabhadranagar,,3,,F53333,FFFFFF,1.0,,,,43D :Kempegowda Bus Station -Veerabhadranagar,False,
43E,BMTCB,,Kempegowda Bus Station -Banashankari 3rd Stage 2nd Phase,,3,,F53333,FFFFFF,1.0,,,,43E :Kempegowda Bus Station -Banashankari 3rd Stage 2nd Phase,False,
44,BMTCB,,Banashankari 3rd Stage 2nd Phase -R T Nagar,,3,,F53333,FFFFFF,1.0,,,,44:Banashankari 3rd Stage 2nd Phase -R T Nagar,False,
45,BMTCB,,K R Market -Chennammanakere Achkattu,,3,,F53333,FFFFFF,1.0,,,,45:K R Market -Chennammanakere Achkattu,False,
45A,BMTCB,,K R Market -Bhuvaneshwarinagar (Katriguppe),,3,,F53333,FFFFFF,1.0,,,,45A :K R Market -Bhuvaneshwarinagar (Katriguppe),False,
45B,BMTCB,,Kempegowda Bus Station -Bhuvaneshwarinagar (Katriguppe),,3,,F53333,FFFFFF,1.0,,,,45B :Kempegowda Bus Station -Bhuvaneshwarinagar (Katriguppe),False,
45C,BMTCB,,K R Market -Katriguppe,,3,,F53333,FFFFFF,1.0,,,,45C :K R Market -Katriguppe,False,
45D,BMTCB,,Kempegowda Bus Station -Ittumadu AGS Layout,,3,,F53333,FFFFFF,1.0,,,,45D :Kempegowda Bus Station -Ittumadu AGS Layout,False,
45E,BMTCB,,Kempegowda Bus Station -Chennammanakere Achkattu,,3,,F53333,FFFFFF,1.0,,,,45E :Kempegowda Bus Station -Chennammanakere Achkattu,False,
45F,BMTCB,,Kempegowda Bus Station -Chennammanakere Achkattu,,3,,F53333,FFFFFF,1.0,,,,45F :Kempegowda Bus Station -Chennammanakere Achkattu,False,
45J,BMTCB,,Chennammanakere Achkattu -City Railway Station,,3,,F53333,FFFFFF,1.0,,,,45J :Chennammanakere Achkattu -City Railway Station,False,
47,BMTCB,,Padmanabhanagar -Yeshwanthpur,,3,,F53333,FFFFFF,1.0,,,,47:Padmanabhanagar -Yeshwanthpur,False,
49,BMTCB,,Kempegowda Bus Station -Raghavendra Colony,,3,,F53333,FFFFFF,1.0,,,,49:Kempegowda Bus Station -Raghavendra Colony,False,
49A,BMTCB,,Brindavananagar Jinkevana -Brindavananagar Jinkevana,,3,,F53333,FFFFFF,1.0,,,,49A :Brindavananagar Jinkevana -Brindavananagar Jinkevana,False,
49E,BMTCB,,Brindavananagar Jinkevana -Lakshminarayanapura,,3,,F53333,FFFFFF,1.0,,,,49E :Brindavananagar Jinkevana -Lakshminarayanapura,False,
50,BMTCB,,Shivajinagar -Raghavendra Colony,,3,,F53333,FFFFFF,1.0,,,,50:Shivajinagar -Raghavendra Colony,False,
50A,BMTCB,,Shivajinagar -Brindavananagar Jinkevana,,3,,F53333,FFFFFF,1.0,,,,50A :Shivajinagar -Brindavananagar Jinkevana,False,
52,BMTCB,,Raghavendra Colony -Yeshwanthpur,,3,,F53333,FFFFFF,1.0,,,,52:Raghavendra Colony -Yeshwanthpur,False,
52E,BMTCB,,Raghavendra Colony -Yeshwanthpur Railway Station,,3,,F53333,FFFFFF,1.0,,,,52E :Raghavendra Colony -Yeshwanthpur Railway Station,False,
54,BMTCB,,K R Market -Vinayakanagar (Guddadahalli),,3,,F53333,FFFFFF,1.0,,,,54:K R Market -Vinayakanagar (Guddadahalli),False,
54E,BMTCB,,Kempegowda Bus Station -Vinayakanagar (Guddadahalli),,3,,F53333,FFFFFF,1.0,,,,54E :Kempegowda Bus Station -Vinayakanagar (Guddadahalli),False,
55,BMTCB,,K R Market -Jagajeevanramnagar,,3,,F53333,FFFFFF,1.0,,,,55:K R Market -Jagajeevanramnagar,False,
55A,BMTCB,,Jagajeevanramnagar -Madiwala Police Station,,3,,F53333,FFFFFF,1.0,,,,55A :Jagajeevanramnagar -Madiwala Police Station,False,
56,BMTCB,,Kempegowda Bus Station -Jagajeevanramnagar,,3,,F53333,FFFFFF,1.0,,,,56:Kempegowda Bus Station -Jagajeevanramnagar,False,
57A,BMTCB,,Kempegowda Bus Station -Bapujinagar,,3,,F53333,FFFFFF,1.0,,,,57A :Kempegowda Bus Station -Bapujinagar,False,
57B,BMTCB,,Kempegowda Bus Station -MCTC Mysore Road Bus Station,,3,,F53333,FFFFFF,1.0,,,,57B :Kempegowda Bus Station -MCTC Mysore Road Bus Station,False,
58,BMTCB,,Kempegowda Bus Station -Timber Yard Layout,,3,,F53333,FFFFFF,1.0,,,,58:Kempegowda Bus Station -Timber Yard Layout,False,
58C,BMTCB,,Kempegowda Bus Station -Telecom Colony,,3,,F53333,FFFFFF,1.0,,,,58C :Kempegowda Bus Station -Telecom Colony,False,
59,BMTCB,,K R Market -Vijayanagar,,3,,F53333,FFFFFF,1.0,,,,59:K R Market -Vijayanagar,False,
59A,BMTCB,,K R Market -Vijayanagar,,3,,F53333,FFFFFF,1.0,,,,59A :K R Market -Vijayanagar,False,
59B,BMTCB,,K R Market -Marenahalli (Vijayanagar),,3,,F53333,FFFFFF,1.0,,,,59B :K R Market -Marenahalli (Vijayanagar),False,
59C,BMTCB,,K R Market -GKW Layout,,3,,F53333,FFFFFF,1.0,,,,59C :K R Market -GKW Layout,False,
59D,BMTCB,,Kempegowda Bus Station -Nayandahalli Railway Gate,,3,,F53333,FFFFFF,1.0,,,,59D :Kempegowda Bus Station -Nayandahalli Railway Gate,False,
59F,BMTCB,,Chandra Layout 1st Stage -Shanthinagar Bus Station,,3,,F53333,FFFFFF,1.0,,,,59F :Chandra Layout 1st Stage -Shanthinagar Bus Station,False,
59G,BMTCB,,K R Market -Hampinagar,,3,,F53333,FFFFFF,1.0,,,,59G :K R Market -Hampinagar,False,
59H,BMTCB,,K R Market -BCC Layout,,3,,F53333,FFFFFF,1.0,,,,59H :K R Market -BCC Layout,False,
59K,BMTCB,,Basaveshwaranagar -Shanthinagar Bus Station,,3,,F53333,FFFFFF,1.0,,,,59K :Basaveshwaranagar -Shanthinagar Bus Station,False,
60,BMTCB,,MCTC Mysore Road Bus Station -Koramangala,,3,,F53333,FFFFFF,1.0,,,,60:MCTC Mysore Road Bus Station -Koramangala,False,
60A,BMTCB,,Jayanagar 9th Block -Vijayanagar,,3,,F53333,FFFFFF,1.0,10 minutes once from 6AM to 9:30PM,10 minutes once from 6AM to 9:30PM,,60A :Jayanagar 9th Block -Vijayanagar,False,
60B,BMTCB,,J P Nagar 3rd Phase -Chandra Layout,,3,,F53333,FFFFFF,1.0,,,,60B :J P Nagar 3rd Phase -Chandra Layout,False,
60C,BMTCB,,J P Nagar 6th Phase -Chandra Layout,,3,,F53333,FFFFFF,1.0,,,,60C :J P Nagar 6th Phase -Chandra Layout,False,
60E,BMTCB,,Kuvempunagar (BTM Layout) -Vijayanagar,,3,,F53333,FFFFFF,1.0,,,,60E :Kuvempunagar (BTM Layout) -Vijayanagar,False,
60G,BMTCB,,Kuvempunagar (BTM Layout) -Brindavananagar Jinkevana,,3,,F53333,FFFFFF,1.0,,,,60G :Kuvempunagar (BTM Layout) -Brindavananagar Jinkevana,False,
60H,BMTCB,,Banashankari -Basaveshwaranagar,,3,,F53333,FFFFFF,1.0,,,,60H :Banashankari -Basaveshwaranagar,False,
60J,BMTCB,,GKW Layout -Koramangala,,3,,F53333,FFFFFF,1.0,,,,60J :GKW Layout -Koramangala,False,
60K,BMTCB,,Chandra Layout 1st Stage -Jayanagar 9th Block,,3,,F53333,FFFFFF,1.0,,,,60K :Chandra Layout 1st Stage -Jayanagar 9th Block,False,
60L,BMTCB,,Jaibheemanagar -Vijayanagar,,3,,F53333,FFFFFF,1.0,,,,60L :Jaibheemanagar -Vijayanagar,False,
61,BMTCB,,Kempegowda Bus Station -Vijayanagar,,3,,F53333,FFFFFF,1.0,,,,61:Kempegowda Bus Station -Vijayanagar,False,
61A,BMTCB,,Kempegowda Bus Station -Chandra Layout,,3,,F53333,FFFFFF,1.0,,,,61A :Kempegowda Bus Station -Chandra Layout,False,
61B,BMTCB,,Kempegowda Bus Station -Saraswathinagar,,3,,F53333,FFFFFF,1.0,,,,61B :Kempegowda Bus Station -Saraswathinagar,False,
61C,BMTCB,,Kempegowda Bus Station -BCC Layout,,3,,F53333,FFFFFF,1.0,,,,61C :Kempegowda Bus Station -BCC Layout,False,
61D,BMTCB,,Kempegowda Bus Station -Vijayanagar,,3,,F53333,FFFFFF,1.0,,,,61D :Kempegowda Bus Station -Vijayanagar,False,
61E,BMTCB,,Kempegowda Bus Station -Vijayanagar Maruti Mandir,,3,,F53333,FFFFFF,1.0,,,,61E :Kempegowda Bus Station -Vijayanagar Maruti Mandir,False,
61F,BMTCB,,Kempegowda Bus Station -GKW Layout,,3,,F53333,FFFFFF,1.0,,,,61F :Kempegowda Bus Station -GKW Layout,False,
61G,BMTCB,,Kempegowda Bus Station -Chandra Layout,,3,,F53333,FFFFFF,1.0,,,,61G :Kempegowda Bus Station -Chandra Layout,False,
61H,BMTCB,,Kempegowda Bus Station -Marenahalli (Vijayanagar),,3,,F53333,FFFFFF,1.0,,,,61H :Kempegowda Bus Station -Marenahalli (Vijayanagar),False,
61J,BMTCB,,Kempegowda Bus Station -Chandra Layout 1st Stage,,3,,F53333,FFFFFF,1.0,,,,61J :Kempegowda Bus Station -Chandra Layout 1st Stage,False,
61L,BMTCB,,Chandra Layout -City Railway Station,,3,,F53333,FFFFFF,1.0,,,,61L :Chandra Layout -City Railway Station,False,
61R,BMTCB,,Magadi Road 1st Cross -Magadi Road 1st Cross,,3,,F53333,FFFFFF,1.0,,,,61R :Magadi Road 1st Cross -Magadi Road 1st Cross,False,
62,BMTCB,,Hampinagar -Domlur,,3,,F53333,FFFFFF,1.0,,,,62:Hampinagar -Domlur,False,
62B,BMTCB,,KHB Colony -Jeevanabhimanagar,,3,,F53333,FFFFFF,1.0,,,,62B :KHB Colony -Jeevanabhimanagar,False,
63,BMTCB,,Shivajinagar -Vijayanagar Maruti Mandir,,3,,F53333,FFFFFF,1.0,,,,63:Shivajinagar -Vijayanagar Maruti Mandir,False,
63A,BMTCB,,Shivajinagar -Chandra Layout 1st Stage,,3,,F53333,FFFFFF,1.0,,,,63A :Shivajinagar -Chandra Layout 1st Stage,False,
63B,BMTCB,,Shivajinagar -GKW Layout,,3,,F53333,FFFFFF,1.0,,,,63B :Shivajinagar -GKW Layout,False,
63E,BMTCB,,Shivajinagar -Hampinagar,,3,,F53333,FFFFFF,1.0,,,,63E :Shivajinagar -Hampinagar,False,
64,BMTCB,,Shivajinagar -Hampinagar,,3,,F53333,FFFFFF,1.0,,,,64:Shivajinagar -Hampinagar,False,
65,BMTCB,,K R Market -KHB Colony,,3,,F53333,FFFFFF,1.0,,,,65:K R Market -KHB Colony,False,
65B,BMTCB,,Banashankari -Basaveshwaranagar,,3,,F53333,FFFFFF,1.0,,,,65B :Banashankari -Basaveshwaranagar,False,
66,BMTCB,,Shivajinagar -KHB Colony,,3,,F53333,FFFFFF,1.0,,,,66:Shivajinagar -KHB Colony,False,
68,BMTCB,,Shivajinagar -Basaveshwaranagar,,3,,F53333,FFFFFF,1.0,,,,68:Shivajinagar -Basaveshwaranagar,False,
70,BMTCB,,K R Market -Rajajinagar 1st Block,,3,,F53333,FFFFFF,1.0,,,,70:K R Market -Rajajinagar 1st Block,False,
71,BMTCB,,Kempegowda Bus Station -Kempegowda Bus Station,,3,,F53333,FFFFFF,1.0,,,,71:Kempegowda Bus Station -Kempegowda Bus Station,False,
74,BMTCB,,Shivajinagar -Rajajinagar Rama Mandir,,3,,F53333,FFFFFF,1.0,,,,74:Shivajinagar -Rajajinagar Rama Mandir,False,
75,BMTCB,,Vijayanagar -Malleswaram 18th Cross,,3,,F53333,FFFFFF,1.0,,,,75:Vijayanagar -Malleswaram 18th Cross,False,
75A,BMTCB,,KHB Colony -Malleswaram 18th Cross,,3,,F53333,FFFFFF,1.0,,,,75A :KHB Colony -Malleswaram 18th Cross,False,
75B,BMTCB,,Hampinagar -Malleswaram 18th Cross,,3,,F53333,FFFFFF,1.0,,,,75B :Hampinagar -Malleswaram 18th Cross,False,
75C,BMTCB,,Vijayanagar -Chowdeshwari Bus Station,,3,,F53333,FFFFFF,1.0,,,,75C :Vijayanagar -Chowdeshwari Bus Station,False,
75D,BMTCB,,Chandra Layout 1st Stage -Chowdeshwari Bus Station,,3,,F53333,FFFFFF,1.0,,,,75D :Chandra Layout 1st Stage -Chowdeshwari Bus Station,False,
75E,BMTCB,,GKW Layout -Malleswaram 18th Cross,,3,,F53333,FFFFFF,1.0,,,,75E :GKW Layout -Malleswaram 18th Cross,False,
75F,BMTCB,,Saraswathinagar -Yeshwanthpur,,3,,F53333,FFFFFF,1.0,,,,75F :Saraswathinagar -Yeshwanthpur,False,
75G,BMTCB,,BCC Layout -Chowdeshwari Bus Station,,3,,F53333,FFFFFF,1.0,,,,75G :BCC Layout -Chowdeshwari Bus Station,False,
76,BMTCB,,K R Market -Rajajinagar 1st Block,,3,,F53333,FFFFFF,1.0,,,,76:K R Market -Rajajinagar 1st Block,False,
77,BMTCB,,K R Market -Mahalakshmi Layout,,3,,F53333,FFFFFF,1.0,,,,77:K R Market -Mahalakshmi Layout,False,
77A,BMTCB,,K R Market -Lakshmidevinagar,,3,,F53333,FFFFFF,1.0,,,,77A :K R Market -Lakshmidevinagar,False,
77B,BMTCB,,Mahalakshmi Layout -N R Colony,,3,,F53333,FFFFFF,1.0,,,,77B :Mahalakshmi Layout -N R Colony,False,
77C,BMTCB,,Nandini layout-N R Colony,,3,,F53333,FFFFFF,1.0,,,,77C:Nandini layout-N R Colony,False,
77D,BMTCB,,K R Market -Vidhana Soudha Layout,,3,,F53333,FFFFFF,1.0,,,,77D :K R Market -Vidhana Soudha Layout,False,
77E,BMTCB,,K R Market -Nandini Layout,,3,,F53333,FFFFFF,1.0,,,,77E :K R Market -Nandini Layout,False,
77F,BMTCB,,K R Market -Jaibhuvaneshwarinagar,,3,,F53333,FFFFFF,1.0,,,,77F :K R Market -Jaibhuvaneshwarinagar,False,
78,BMTCB,,Kempegowda Bus Station -Rajajinagar 1st Block,,3,,F53333,FFFFFF,1.0,,,,78:Kempegowda Bus Station -Rajajinagar 1st Block,False,
78A,BMTCB,,Kempegowda Bus Station -ISKCON,,3,,F53333,FFFFFF,1.0,,,,78A :Kempegowda Bus Station -ISKCON,False,
78E,BMTCB,,Kempegowda Bus Station -Yeshwanthpur Railway Station,,3,,F53333,FFFFFF,1.0,,,,78E :Kempegowda Bus Station -Yeshwanthpur Railway Station,False,
79,BMTCB,,Shivajinagar -Rajajinagar 1st Block,,3,,F53333,FFFFFF,1.0,,,,79:Shivajinagar -Rajajinagar 1st Block,False,
79A,BMTCB,,Shivajinagar -Yeshwanthpur,,3,,F53333,FFFFFF,1.0,,,,79A :Shivajinagar -Yeshwanthpur,False,
79B,BMTCB,,Shivajinagar -Bandireddy Circle,,3,,F53333,FFFFFF,1.0,,,,79B :Shivajinagar -Bandireddy Circle,False,
79D,BMTCB,,Shivajinagar -Mahalakshmi Layout,,3,,F53333,FFFFFF,1.0,,,,79D :Shivajinagar -Mahalakshmi Layout,False,
79G,BMTCB,,Shivajinagar -Vidhana Soudha Layout,,3,,F53333,FFFFFF,1.0,,,,79G :Shivajinagar -Vidhana Soudha Layout,False,
80,BMTCB,,Kempegowda Bus Station -Mahalakshmi Layout,,3,,F53333,FFFFFF,1.0,,,,80:Kempegowda Bus Station -Mahalakshmi Layout,False,
80A,BMTCB,,Kempegowda Bus Station -Nandini Layout,,3,,F53333,FFFFFF,1.0,,,,80A :Kempegowda Bus Station -Nandini Layout,False,
80B,BMTCB,,Kempegowda Bus Station -Jaimaruthinagar,,3,,F53333,FFFFFF,1.0,,,,80B :Kempegowda Bus Station -Jaimaruthinagar,False,
80C,BMTCB,,Kempegowda Bus Station -Goraguntepalya,,3,,F53333,FFFFFF,1.0,,,,80C :Kempegowda Bus Station -Goraguntepalya,False,
80D,BMTCB,,Kempegowda Bus Station -Jaimaruthinagar Ravi Layout,,3,,F53333,FFFFFF,1.0,,,,80D :Kempegowda Bus Station -Jaimaruthinagar Ravi Layout,False,
80E,BMTCB,,Kempegowda Bus Station -Krishnanandanagar (Mahalakshmi Layout),,3,,F53333,FFFFFF,1.0,,,,80E :Kempegowda Bus Station -Krishnanandanagar (Mahalakshmi Layout),False,
80F,BMTCB,,Kempegowda Bus Station -Jaibhuvaneshwarinagar,,3,,F53333,FFFFFF,1.0,,,,80F :Kempegowda Bus Station -Jaibhuvaneshwarinagar,False,
80G,BMTCB,,Kempegowda Bus Station -Swatantra Yodhara Nagar,,3,,F53333,FFFFFF,1.0,,,,80G :Kempegowda Bus Station -Swatantra Yodhara Nagar,False,
80H,BMTCB,,Nandini Layout -City Railway Station,,3,,F53333,FFFFFF,1.0,,,,80H :Nandini Layout -City Railway Station,False,
81,BMTCB,,K R Market -Lakshminarayanapura,,3,,F53333,FFFFFF,1.0,,,,81:K R Market -Lakshminarayanapura,False,
82,BMTCB,,Kempegowda Bus Station -Kempegowda Bus Station,,3,,F53333,FFFFFF,1.0,,,,82:Kempegowda Bus Station -Kempegowda Bus Station,False,
82A,BMTCB,,Kempegowda Bus Station -Kempegowda Bus Station,,3,,F53333,FFFFFF,1.0,,,,82A :Kempegowda Bus Station -Kempegowda Bus Station,False,
82C,BMTCB,,Kempegowda Bus Station -Yeshwanthpur,,3,,F53333,FFFFFF,1.0,,,,82C :Kempegowda Bus Station -Yeshwanthpur,False,
83,BMTCB,,K R Market -Bandireddy Circle,,3,,F53333,FFFFFF,1.0,,,,83:K R Market -Bandireddy Circle,False,
83C,BMTCB,,Kempegowda Bus Station -Yeshwanthpur Railway Station,,3,,F53333,FFFFFF,1.0,,,,83C :Kempegowda Bus Station -Yeshwanthpur Railway Station,False,
83D,BMTCB,,K R Market -Bandireddy Circle,,3,,F53333,FFFFFF,1.0,,,,83D :K R Market -Bandireddy Circle,False,
84,BMTCB,,K R Market -Swatantra Yodhara Nagar,,3,,F53333,FFFFFF,1.0,,,,84:K R Market -Swatantra Yodhara Nagar,False,
85,BMTCB,,Kempegowda Bus Station -Prakashnagar,,3,,F53333,FFFFFF,1.0,,,,85:Kempegowda Bus Station -Prakashnagar,False,
86,BMTCB,,Kempegowda Bus Station -KHB Colony,,3,,F53333,FFFFFF,1.0,,,,86:Kempegowda Bus Station -KHB Colony,False,
86E,BMTCB,,KHB Colony -Jayanagar 9th Block,,3,,F53333,FFFFFF,1.0,,,,86E :KHB Colony -Jayanagar 9th Block,False,
87,BMTCB,,Kempegowda Bus Station -Hampinagar,,3,,F53333,FFFFFF,1.0,,,,87:Kempegowda Bus Station -Hampinagar,False,
87A,BMTCB,,Kempegowda Bus Station -Hampinagar,,3,,F53333,FFFFFF,1.0,,,,87A :Kempegowda Bus Station -Hampinagar,False,
87B,BMTCB,,Kempegowda Bus Station -Nayandahalli Railway Gate,,3,,F53333,FFFFFF,1.0,,,,87B :Kempegowda Bus Station -Nayandahalli Railway Gate,False,
87C,BMTCB,,Kempegowda Bus Station -Hampinagar,,3,,F53333,FFFFFF,1.0,,,,87C :Kempegowda Bus Station -Hampinagar,False,
87D,BMTCB,,Kempegowda Bus Station -Gangondanahalli (Mysore Road),,3,,F53333,FFFFFF,1.0,,,,87D :Kempegowda Bus Station -Gangondanahalli (Mysore Road),False,
87J,BMTCB,,Kempegowda Bus Station -Telecom Layout,,3,,F53333,FFFFFF,1.0,,,,87J :Kempegowda Bus Station -Telecom Layout,False,
88,BMTCB,,Kempegowda Bus Station -Basaveshwaranagar,,3,,F53333,FFFFFF,1.0,,,,88:Kempegowda Bus Station -Basaveshwaranagar,False,
88A,BMTCB,,Kempegowda Bus Station -Basaveshwaranagar 3rd Stage,,3,,F53333,FFFFFF,1.0,,,,88A :Kempegowda Bus Station -Basaveshwaranagar 3rd Stage,False,
88E,BMTCB,,K R Market -Basaveshwaranagar 3rd Stage,,3,,F53333,FFFFFF,1.0,,,,88E :K R Market -Basaveshwaranagar 3rd Stage,False,
89,BMTCB,,Kempegowda Bus Station -Kurubarahalli (Basaveshwaranagar),,3,,F53333,FFFFFF,1.0,,,,89:Kempegowda Bus Station -Kurubarahalli (Basaveshwaranagar),False,
89A,BMTCB,,Kempegowda Bus Station -Kaverinagar (Basaveshwaranagar),,3,,F53333,FFFFFF,1.0,,,,89A :Kempegowda Bus Station -Kaverinagar (Basaveshwaranagar),False,
89B,BMTCB,,Kempegowda Bus Station -Geleyara Balaga Layout,,3,,F53333,FFFFFF,1.0,,,,89B :Kempegowda Bus Station -Geleyara Balaga Layout,False,
89D,BMTCB,,Kempegowda Bus Station -Kurubarahalli (Basaveshwaranagar),,3,,F53333,FFFFFF,1.0,,,,89D :Kempegowda Bus Station -Kurubarahalli (Basaveshwaranagar),False,
89E,BMTCB,,Kempegowda Bus Station -Kaverinagar (Basaveshwaranagar),,3,,F53333,FFFFFF,1.0,,,,89E :Kempegowda Bus Station -Kaverinagar (Basaveshwaranagar),False,
90,BMTCB,,Kempegowda bus station-Yeshvantapura,,3,,F53333,FFFFFF,1.0,,,,90:Kempegowda bus station-Yeshvantapura,False,
90E,BMTCB,,Kempegowda Bus Station -Yeshwanthpur Railway Station,,3,,F53333,FFFFFF,1.0,,,,90E :Kempegowda Bus Station -Yeshwanthpur Railway Station,False,
91,BMTCB,,Srinagar -Yeshwanthpur Railway Station,,3,,F53333,FFFFFF,1.0,,,,91:Srinagar -Yeshwanthpur Railway Station,False,
91B,BMTCB,,K R Market -Rajmahal Vilas Extension,,3,,F53333,FFFFFF,1.0,,,,91B :K R Market -Rajmahal Vilas Extension,False,
91C,BMTCB,,Srinagar -Yeshwanthpur,,3,,F53333,FFFFFF,1.0,,,,91C :Srinagar -Yeshwanthpur,False,
91D,BMTCB,,K R Market -Yeshwanthpur Regulated Market,,3,,F53333,FFFFFF,1.0,,,,91D :K R Market -Yeshwanthpur Regulated Market,False,
91E,BMTCB,,Yeshwanthpur Regulated Market -Brindavananagar Jinkevana,,3,,F53333,FFFFFF,1.0,,,,91E :Yeshwanthpur Regulated Market -Brindavananagar Jinkevana,False,
92E,BMTCB,,Shivajinagar -Yeshwanthpur Railway Station,,3,,F53333,FFFFFF,1.0,,,,92E :Shivajinagar -Yeshwanthpur Railway Station,False,
93B,BMTCB,,Shivajinagar -Rajmahal Vilas 2nd Stage,,3,,F53333,FFFFFF,1.0,,,,93B :Shivajinagar -Rajmahal Vilas 2nd Stage,False,
93C,BMTCB,,Shivajinagar -Nethaji Circle,,3,,F53333,FFFFFF,1.0,,,,93C :Shivajinagar -Nethaji Circle,False,
94,BMTCB,,Shivajinagar -Yeshwanthpur Railway Station,,3,,F53333,FFFFFF,1.0,,,,94:Shivajinagar -Yeshwanthpur Railway Station,False,
94A,BMTCB,,Shivajinagar -Nandini Layout,,3,,F53333,FFFFFF,1.0,,,,94A :Shivajinagar -Nandini Layout,False,
94C,BMTCB,,Shivajinagar -Mohankumarnagar,,3,,F53333,FFFFFF,1.0,,,,94C :Shivajinagar -Mohankumarnagar,False,
94E,BMTCB,,Shivajinagar -Yeshwanthpur Railway Station,,3,,F53333,FFFFFF,1.0,,,,94E :Shivajinagar -Yeshwanthpur Railway Station,False,
95,BMTCB,,Shivajinagar -Kamalanagar BEML Layout,,3,,F53333,FFFFFF,1.0,,,,95:Shivajinagar -Kamalanagar BEML Layout,False,
95A,BMTCB,,K R Market -Kamalanagar BEML Layout,,3,,F53333,FFFFFF,1.0,,,,95A :K R Market -Kamalanagar BEML Layout,False,
95B,BMTCB,,K R Market -Kamalanagar,,3,,F53333,FFFFFF,1.0,,,,95B :K R Market -Kamalanagar,False,
95E,BMTCB,,Kamalanagar BEML Layout -Rajmahal Vilas 2nd Stage,,3,,F53333,FFFFFF,1.0,,,,95E :Kamalanagar BEML Layout -Rajmahal Vilas 2nd Stage,False,
96,BMTCB,,Kempegowda Bus Station -Kempegowda Bus Station,,3,,F53333,FFFFFF,1.0,,,,96:Kempegowda Bus Station -Kempegowda Bus Station,False,
96A,BMTCB,,Kempegowda Bus Station -Kempegowda Bus Station,,3,,F53333,FFFFFF,1.0,,,,96A :Kempegowda Bus Station -Kempegowda Bus Station,False,
96B,BMTCB,,Kempegowda Bus Station -Kamalanagar BEML Layout,,3,,F53333,FFFFFF,1.0,,,,96B :Kempegowda Bus Station -Kamalanagar BEML Layout,False,
96C,BMTCB,,Kempegowda Bus Station -Shankar Nag Bus Station,,3,,F53333,FFFFFF,1.0,,,,96C :Kempegowda Bus Station -Shankar Nag Bus Station,False,
96D,BMTCB,,Kempegowda Bus Station -Kamalanagar,,3,,F53333,FFFFFF,1.0,,,,96D :Kempegowda Bus Station -Kamalanagar,False,
96E,BMTCB,,Kempegowda Bus Station -Kamalanagar BEML Layout,,3,,F53333,FFFFFF,1.0,,,,96E :Kempegowda Bus Station -Kamalanagar BEML Layout,False,
96F,BMTCB,,Kempegowda Bus Station -Bhimajyothinagar,,3,,F53333,FFFFFF,1.0,,,,96F :Kempegowda Bus Station -Bhimajyothinagar,False,
96G,BMTCB,,Kempegowda Bus Station -Shankar Nag Bus Station,,3,,F53333,FFFFFF,1.0,,,,96G :Kempegowda Bus Station -Shankar Nag Bus Station,False,
96J,BMTCB,,Basaveshwaranagar -Basaveshwaranagar,,3,,F53333,FFFFFF,1.0,,,,96J :Basaveshwaranagar -Basaveshwaranagar,False,
96K,BMTCB,,Basaveshwaranagar -Basaveshwaranagar,,3,,F53333,FFFFFF,1.0,,,,96K :Basaveshwaranagar -Basaveshwaranagar,False,
98B,BMTCB,,Kempegowda Bus Station -Rajmahal Vilas 2nd Stage,,3,,F53333,FFFFFF,1.0,,,,98B :Kempegowda Bus Station -Rajmahal Vilas 2nd Stage,False,
98D,BMTCB,,K R Market -Nethaji Circle,,3,,F53333,FFFFFF,1.0,,,,98D :K R Market -Nethaji Circle,False,
98E,BMTCB,,Kempegowda Bus Station -Lakshmidevinagar,,3,,F53333,FFFFFF,1.0,,,,98E :Kempegowda Bus Station -Lakshmidevinagar,False,
98F,BMTCB,,Kempegowda Bus Station -Vidhana Soudha Layout,,3,,F53333,FFFFFF,1.0,,,,98F :Kempegowda Bus Station -Vidhana Soudha Layout,False,
98G,BMTCB,,Kempegowda Bus Station -Lottegollahalli Railway Colony,,3,,F53333,FFFFFF,1.0,,,,98G :Kempegowda Bus Station -Lottegollahalli Railway Colony,False,
99A,BMTCB,,Kempegowda Bus Station -Chowdeshwari Bus Station,,3,,F53333,FFFFFF,1.0,,,,99A :Kempegowda Bus Station -Chowdeshwari Bus Station,False,
99B,BMTCB,,Kempegowda Bus Station -Mohankumarnagar,,3,,F53333,FFFFFF,1.0,,,,99B :Kempegowda Bus Station -Mohankumarnagar,False,
99E,BMTCB,,K R Market -Chowdeshwari Bus Station,,3,,F53333,FFFFFF,1.0,,,,99E :K R Market -Chowdeshwari Bus Station,False,
100,BMTCB,,Shivajinagar -Sadashivanagar,,3,,F53333,FFFFFF,1.0,,,,100:Shivajinagar -Sadashivanagar,True,Bangalore East
100C,BMTCB,,Shivajinagar- Chowdeshwari bus stand,,3,,F53333,FFFFFF,1.0,,,,100C:Shivajinagar- Chowdeshwari bus stand,False,
100E,BMTCB,,Sadashivanagar-Shivajinagar-Kuvempunagar(BTM layout),,3,,F53333,FFFFFF,1.0,,,Runs as 100E/164 via shivajinagar,100E:Sadashivanagar-Shivajinagar-Kuvempunagar(BTM layout),False,
102,BMTCB,,K R Market -Sadashivanagar,,3,,F53333,FFFFFF,1.0,,,,102:K R Market -Sadashivanagar,False,
104,BMTCB,,Kempegowda Bus Station -Sadashivanagar,,3,,F53333,FFFFFF,1.0,,,,104:Kempegowda Bus Station -Sadashivanagar,False,
105A,BMTCB,,Rajmahal Guttahalli -Raghavendra Colony,,3,,F53333,FFFFFF,1.0,,,,105A :Rajmahal Guttahalli -Raghavendra Colony,False,
107,BMTCB,,Shivajinagar -Anandanagar,,3,,F53333,FFFFFF,1.0,,,,107:Shivajinagar -Anandanagar,False,
107C,BMTCB,,Shivajinagar -R T Nagar,,3,,F53333,FFFFFF,1.0,,,,107C :Shivajinagar -R T Nagar,False,
107D,BMTCB,,J P Nagar 3rd Phase -R T Nagar,,3,,F53333,FFFFFF,1.0,,,,107D :J P Nagar 3rd Phase -R T Nagar,False,
108,BMTCB,,K R Market -Anandanagar,,3,,F53333,FFFFFF,1.0,,,,108:K R Market -Anandanagar,False,
108B,BMTCB,,Kempegowda Bus Station -Ganganagar,,3,,F53333,FFFFFF,1.0,,,,108B :Kempegowda Bus Station -Ganganagar,False,
110,BMTCB,,Jagajeevanramnagar -J C Nagar,,3,,F53333,FFFFFF,1.0,,,,110:Jagajeevanramnagar -J C Nagar,False,
111,BMTCB,,K R Market -Kaval Byrasandra,,3,,F53333,FFFFFF,1.0,,,,111:K R Market -Kaval Byrasandra,False,
111A,BMTCB,,K R Market -Kaval Byrasandra,,3,,F53333,FFFFFF,1.0,,,,111A :K R Market -Kaval Byrasandra,False,
111C,BMTCB,,Kempegowda Bus Station -Kaval Byrasandra,,3,,F53333,FFFFFF,1.0,,,,111C :Kempegowda Bus Station -Kaval Byrasandra,False,
111D,BMTCB,,Kempegowda Bus Station -Kaval Byrasandra,,3,,F53333,FFFFFF,1.0,,,,111D :Kempegowda Bus Station -Kaval Byrasandra,False,
112,BMTCB,,Shivajinagar -Kaval Byrasandra,,3,,F53333,FFFFFF,1.0,,,,112:Shivajinagar -Kaval Byrasandra,False,
112A,BMTCB,,Shivajinagar -Kaval Byrasandra,,3,,F53333,FFFFFF,1.0,,,,112A :Shivajinagar -Kaval Byrasandra,False,
112E,BMTCB,,Kaval Byrasandra -Kuvempunagar (BTM Layout),,3,,F53333,FFFFFF,1.0,,,,112E :Kaval Byrasandra -Kuvempunagar (BTM Layout),False,
113,BMTCB,,Shivajinagar -Pillanna Garden,,3,,F53333,FFFFFF,1.0,,,,113:Shivajinagar -Pillanna Garden,False,
113E,BMTCB,,K R Market -Pillanna Garden,,3,,F53333,FFFFFF,1.0,,,,113E :K R Market -Pillanna Garden,False,
114,BMTCB,,K R Market -Sultanpalya,,3,,F53333,FFFFFF,1.0,,,,114:K R Market -Sultanpalya,False,
114A,BMTCB,,Shivajinagar -Sultanpalya,,3,,F53333,FFFFFF,1.0,,,,114A :Shivajinagar -Sultanpalya,False,
114C,BMTCB,,Kempegowda Bus Station -Sultanpalya,,3,,F53333,FFFFFF,1.0,,,,114C :Kempegowda Bus Station -Sultanpalya,False,
114E,BMTCB,,Sultanpalya -Banashankari,,3,,F53333,FFFFFF,1.0,,,,114E :Sultanpalya -Banashankari,False,
115,BMTCB,,Kempegowda Bus Station -Anandanagar,,3,,F53333,FFFFFF,1.0,,,,115:Kempegowda Bus Station -Anandanagar,False,
115A,BMTCB,,Kaval Byrasandra -Kamalanagar BEML Layout,,3,,F53333,FFFFFF,1.0,,,,115A :Kaval Byrasandra -Kamalanagar BEML Layout,False,
119,BMTCB,,Shivajinagar -Marappa Garden,,3,,F53333,FFFFFF,1.0,,,,119:Shivajinagar -Marappa Garden,False,
119A,BMTCB,,Kempegowda Bus Station -Chinnappa Garden,,3,,F53333,FFFFFF,1.0,,,,119A :Kempegowda Bus Station -Chinnappa Garden,False,
119B,BMTCB,,K R Market -Chinnappa Garden,,3,,F53333,FFFFFF,1.0,,,,119B :K R Market -Chinnappa Garden,False,
121A,BMTCB,,Shivajinagar -Timber Yard Layout,,3,,F53333,FFFFFF,1.0,,,,121A :Shivajinagar -Timber Yard Layout,False,
121B,BMTCB,,Shivajinagar -MCTC Mysore Road Bus Station,,3,,F53333,FFFFFF,1.0,,,,121B :Shivajinagar -MCTC Mysore Road Bus Station,False,
122,BMTCB,,Kempegowda Bus Station -Old Baiyyappanahalli,,3,,F53333,FFFFFF,1.0,,,,122:Kempegowda Bus Station -Old Baiyyappanahalli,False,
123,BMTCB,,Shivajinagar -Old Baiyyappanahalli,,3,,F53333,FFFFFF,1.0,,,,123:Shivajinagar -Old Baiyyappanahalli,False,
124,BMTCB,,Kempegowda Bus Station -Chinnappa Garden,,3,,F53333,FFFFFF,1.0,,,,124:Kempegowda Bus Station -Chinnappa Garden,False,
125A,BMTCB,,K R Market -Marappa Garden,,3,,F53333,FFFFFF,1.0,,,,125A :K R Market -Marappa Garden,False,
125E,BMTCB,,Shivajinagar -Chinnappa Garden,,3,,F53333,FFFFFF,1.0,,,,125E :Shivajinagar -Chinnappa Garden,False,
126,BMTCB,,Kempegowda Bus Station -Jeevanahalli,,3,,F53333,FFFFFF,1.0,,,,126:Kempegowda Bus Station -Jeevanahalli,False,
126A,BMTCB,,K R Market -Jeevanahalli,,3,,F53333,FFFFFF,1.0,,,,126A :K R Market -Jeevanahalli,False,
127,BMTCB,,Shivajinagar -Jeevanahalli,,3,,F53333,FFFFFF,1.0,,,,127:Shivajinagar -Jeevanahalli,False,
128,BMTCB,,Shivajinagar -Cox Town,,3,,F53333,FFFFFF,1.0,,,,128:Shivajinagar -Cox Town,False,
129,BMTCB,,Shivajinagar -Kempegowda Bus Station,,3,,F53333,FFFFFF,1.0,,,,129:Shivajinagar -Kempegowda Bus Station,False,
129C,BMTCB,,Kempegowda Bus Station -Legislators Home,,3,,F53333,FFFFFF,1.0,,,,129C :Kempegowda Bus Station -Legislators Home,False,
130,BMTCB,,K R Market -Doopanahalli,,3,,F53333,FFFFFF,1.0,,,,130:K R Market -Doopanahalli,False,
130E,BMTCB,,Domlur -Raghavendra Colony,,3,,F53333,FFFFFF,1.0,,,,130E :Domlur -Raghavendra Colony,False,
131,BMTCB,,Kempegowda Bus Station -Doopanahalli,,3,,F53333,FFFFFF,1.0,,,,131:Kempegowda Bus Station -Doopanahalli,False,
131E,BMTCB,,Domlur -Basaveshwaranagar,,3,,F53333,FFFFFF,1.0,,,,131E :Domlur -Basaveshwaranagar,False,
131F,BMTCB,,Kempegowda Bus Station -Domlur,,3,,F53333,FFFFFF,1.0,,,,131F :Kempegowda Bus Station -Domlur,False,
132,BMTCB,,Shivajinagar -Domlur,,3,,F53333,FFFFFF,1.0,,,,132:Shivajinagar -Domlur,False,
132B,BMTCB,,Shivajinagar -Domlur,,3,,F53333,FFFFFF,1.0,,,,132B :Shivajinagar -Domlur,False,
133E,BMTCB,,Domlur -Byatarayanapura (Mysore Road),,3,,F53333,FFFFFF,1.0,,,,133E :Domlur -Byatarayanapura (Mysore Road),False,
134A,BMTCB,,Shivajinagar -Doopanahalli,,3,,F53333,FFFFFF,1.0,,,,134A :Shivajinagar -Doopanahalli,False,
136,BMTCB,,Kempegowda Bus Station -Indiranagar ESI Hospital,,3,,F53333,FFFFFF,1.0,,,,136:Kempegowda Bus Station -Indiranagar ESI Hospital,False,
137,BMTCB,,Domlur -Yeshwanthpur,,3,,F53333,FFFFFF,1.0,,,,137:Domlur -Yeshwanthpur,False,
137A,BMTCB,,Jeevanabhimanagar -Chowdeshwari Bus Station,,3,,F53333,FFFFFF,1.0,,,,137A :Jeevanabhimanagar -Chowdeshwari Bus Station,False,
138,BMTCB,,Kempegowda Bus Station -Jeevanabhimanagar,,3,,F53333,FFFFFF,1.0,,,,138:Kempegowda Bus Station -Jeevanabhimanagar,False,
138A,BMTCB,,Jeevanabhimanagar -City Railway Station,,3,,F53333,FFFFFF,1.0,,,,138A :Jeevanabhimanagar -City Railway Station,False,
138D,BMTCB,,Kempegowda Bus Station -Jeevanabhimanagar,,3,,F53333,FFFFFF,1.0,,,,138D :Kempegowda Bus Station -Jeevanabhimanagar,False,
138E,BMTCB,,Jeevanabhimanagar -Mahalakshmi Layout,,3,,F53333,FFFFFF,1.0,,,,138E :Jeevanabhimanagar -Mahalakshmi Layout,False,
139,BMTCB,,Shivajinagar -Jeevanabhimanagar,,3,,F53333,FFFFFF,1.0,,,,139:Shivajinagar -Jeevanabhimanagar,False,
140,BMTCB,,K R Market -Viveknagar,,3,,F53333,FFFFFF,1.0,,,,140:K R Market -Viveknagar,False,
140A,BMTCB,,K R Market -Shinivagilu,,3,,F53333,FFFFFF,1.0,,,,140A :K R Market -Shinivagilu,False,
140B,BMTCB,,K R Market -Koramangala Housing Complex,,3,,F53333,FFFFFF,1.0,,,,140B :K R Market -Koramangala Housing Complex,False,
140E,BMTCB,,K R Market -Ejipura,,3,,F53333,FFFFFF,1.0,,,,140E :K R Market -Ejipura,False,
141,BMTCB,,Shivajinagar -Viveknagar,,3,,F53333,FFFFFF,1.0,,,,141:Shivajinagar -Viveknagar,False,
141A,BMTCB,,Shivajinagar -Koramangala Housing Complex,,3,,F53333,FFFFFF,1.0,,,,141A :Shivajinagar -Koramangala Housing Complex,False,
141B,BMTCB,,Shivajinagar -Koramangala 8th Block,,3,,F53333,FFFFFF,1.0,,,,141B :Shivajinagar -Koramangala 8th Block,False,
141E,BMTCB,,Shivajinagar -Shinivagilu,,3,,F53333,FFFFFF,1.0,,,,141E :Shivajinagar -Shinivagilu,False,
143,BMTCB,,K R Market -Neelasandra,,3,,F53333,FFFFFF,1.0,,,,143:K R Market -Neelasandra,False,
143A,BMTCB,,Neelasandra -Jagajeevanramnagar,,3,,F53333,FFFFFF,1.0,,,,143A :Neelasandra -Jagajeevanramnagar,False,
143E,BMTCB,,K R Market -Neelasandra Rose Garden,,3,,F53333,FFFFFF,1.0,,,,143E :K R Market -Neelasandra Rose Garden,False,
144,BMTCB,,Shivajinagar -Neelasandra,,3,,F53333,FFFFFF,1.0,,,,144:Shivajinagar -Neelasandra,False,
144A,BMTCB,,Shivajinagar -Gajendranagar,,3,,F53333,FFFFFF,1.0,,,,144A :Shivajinagar -Gajendranagar,False,
144B,BMTCB,,Shivajinagar -Lakshman Rao Nagar,,3,,F53333,FFFFFF,1.0,,,,144B :Shivajinagar -Lakshman Rao Nagar,False,
144E,BMTCB,,Shivajinagar -Neelasandra Rose Garden,,3,,F53333,FFFFFF,1.0,,,,144E :Shivajinagar -Neelasandra Rose Garden,False,
144H,BMTCB,,Neelasandra-Shivajinagar-Nandini layout,,3,,F53333,FFFFFF,1.0,,,,144H:Neelasandra-Shivajinagar-Nandini layout,False,
145,BMTCB,,Kempegowda Bus Station -Neelasandra,,3,,F53333,FFFFFF,1.0,,,,145:Kempegowda Bus Station -Neelasandra,False,
146,BMTCB,,Kempegowda Bus Station -Viveknagar,,3,,F53333,FFFFFF,1.0,,,,146:Kempegowda Bus Station -Viveknagar,False,
146A,BMTCB,,Kempegowda Bus Station -Koramangala Housing Complex,,3,,F53333,FFFFFF,1.0,,,,146A :Kempegowda Bus Station -Koramangala Housing Complex,False,
146B,BMTCB,,Kempegowda Bus Station -Shinivagilu,,3,,F53333,FFFFFF,1.0,,,,146B :Kempegowda Bus Station -Shinivagilu,False,
146E,BMTCB,,Kempegowda Bus Station -Ejipura,,3,,F53333,FFFFFF,1.0,,,,146E :Kempegowda Bus Station -Ejipura,False,
150,BMTCB,,Shivajinagar -K R Market,,3,,F53333,FFFFFF,1.0,,,,150:Shivajinagar -K R Market,False,
152,BMTCB,,Neelasandra -Pillanna Garden,,3,,F53333,FFFFFF,1.0,,,,152:Neelasandra -Pillanna Garden,False,
154,BMTCB,,Shivajinagar -Vinayakanagar (Guddadahalli),,3,,F53333,FFFFFF,1.0,,,,154:Shivajinagar -Vinayakanagar (Guddadahalli),False,
155,BMTCB,,Shivajinagar -Jagajeevanramnagar,,3,,F53333,FFFFFF,1.0,,,,155:Shivajinagar -Jagajeevanramnagar,False,
159,BMTCB,,Shivajinagar -Shivajinagar,,3,,F53333,FFFFFF,1.0,,,,159:Shivajinagar -Shivajinagar,False,
161B,BMTCB,,Shivajinagar -Jaibheemanagar,,3,,F53333,FFFFFF,1.0,,,,161B :Shivajinagar -Jaibheemanagar,False,
161C,BMTCB,,Shivajinagar -Old Gurappanapalya,,3,,F53333,FFFFFF,1.0,,,,161C :Shivajinagar -Old Gurappanapalya,False,
161D,BMTCB,,Shivajinagar -Kuvempunagar (BTM Layout),,3,,F53333,FFFFFF,1.0,,,,161D :Shivajinagar -Kuvempunagar (BTM Layout),False,
161F,BMTCB,,Shivajinagar -Balajinagar,,3,,F53333,FFFFFF,1.0,,,,161F :Shivajinagar -Balajinagar,False,
162,BMTCB,,Kempegowda Bus Station -Kempegowda Bus Station,,3,,F53333,FFFFFF,1.0,,,,162:Kempegowda Bus Station -Kempegowda Bus Station,False,
162A,BMTCB,,Kempegowda Bus Station -Kempegowda Bus Station,,3,,F53333,FFFFFF,1.0,,,,162A :Kempegowda Bus Station -Kempegowda Bus Station,False,
162B,BMTCB,,Kempegowda Bus Station -Kempegowda Bus Station,,3,,F53333,FFFFFF,1.0,,,,162B :Kempegowda Bus Station -Kempegowda Bus Station,False,
162C,BMTCB,,Kempegowda Bus Station -Kempegowda Bus Station,,3,,F53333,FFFFFF,1.0,,,,162C :Kempegowda Bus Station -Kempegowda Bus Station,False,
162D,BMTCB,,Mahalakshmi Layout -Kuvempunagar (BTM Layout),,3,,F53333,FFFFFF,1.0,,,,162D :Mahalakshmi Layout -Kuvempunagar (BTM Layout),False,
162E,BMTCB,,Rajajinagar 1st Block -Kuvempunagar (BTM Layout),,3,,F53333,FFFFFF,1.0,,,,162E :Rajajinagar 1st Block -Kuvempunagar (BTM Layout),False,
163,BMTCB,,K R Market -Koramangala,,3,,F53333,FFFFFF,1.0,,,,163:K R Market -Koramangala,False,
163A,BMTCB,,K R Market -Koramangala,,3,,F53333,FFFFFF,1.0,,,,163A :K R Market -Koramangala,False,
163B,BMTCB,,K R Market -Koramangala 8th Block,,3,,F53333,FFFFFF,1.0,,,,163B :K R Market -Koramangala 8th Block,False,
163C,BMTCB,,K R Market -Lakshman Rao Nagar,,3,,F53333,FFFFFF,1.0,,,,163C :K R Market -Lakshman Rao Nagar,False,
164,BMTCB,,Shivajinagar -Kuvempunagar (BTM Layout),,3,,F53333,FFFFFF,1.0,,,,164:Shivajinagar -Kuvempunagar (BTM Layout),False,
165,BMTCB,,Kempegowda Bus Station -Kempegowda Bus Station,,3,,F53333,FFFFFF,1.0,,,,165:Kempegowda Bus Station -Kempegowda Bus Station,False,
165B,BMTCB,,Kempegowda Bus Station -Gajendranagar,,3,,F53333,FFFFFF,1.0,,,,165B :Kempegowda Bus Station -Gajendranagar,False,
165C,BMTCB,,Kempegowda Bus Station -Adugodi,,3,,F53333,FFFFFF,1.0,,,,165C :Kempegowda Bus Station -Adugodi,False,
165E,BMTCB,,Kempegowda Bus Station -Adugodi Police Quarters,,3,,F53333,FFFFFF,1.0,,,,165E :Kempegowda Bus Station -Adugodi Police Quarters,False,
166,BMTCB,,Shivajinagar -Koramangala,,3,,F53333,FFFFFF,1.0,,,,166:Shivajinagar -Koramangala,False,
166A,BMTCB,,Lottegollahalli Railway Colony -Koramangala,,3,,F53333,FFFFFF,1.0,,,,166A :Lottegollahalli Railway Colony -Koramangala,False,
168A,BMTCB,,K R Market -Jaibheemanagar,,3,,F53333,FFFFFF,1.0,,,,168A :K R Market -Jaibheemanagar,False,
168D,BMTCB,,Kempegowda Bus Station -Thavarekere (BTM Layout),,3,,F53333,FFFFFF,1.0,,,,168D :Kempegowda Bus Station -Thavarekere (BTM Layout),False,
168E,BMTCB,,Kempegowda Bus Station -Jaibheemanagar,,3,,F53333,FFFFFF,1.0,,,,168E :Kempegowda Bus Station -Jaibheemanagar,False,
168F,BMTCB,,Kempegowda Bus Station -Old Gurappanapalya,,3,,F53333,FFFFFF,1.0,,,,168F :Kempegowda Bus Station -Old Gurappanapalya,False,
169,BMTCB,,Kurubarahalli (Basaveshwaranagar) -Jeevanahalli,,3,,F53333,FFFFFF,1.0,,,,169:Kurubarahalli (Basaveshwaranagar) -Jeevanahalli,False,
170,BMTCB,,Koramangala -Vijayanagar,,3,,F53333,FFFFFF,1.0,,,,170:Koramangala -Vijayanagar,False,
170E,BMTCB,,Chamarajpet Mydana -Koramangala,,3,,F53333,FFFFFF,1.0,,,,170E :Chamarajpet Mydana -Koramangala,False,
171,BMTCB,,Kempegowda Bus Station -Koramangala,,3,,F53333,FFFFFF,1.0,,,,171:Kempegowda Bus Station -Koramangala,False,
171B,BMTCB,,Kempegowda Bus Station -Koramangala 8th Block,,3,,F53333,FFFFFF,1.0,,,,171B :Kempegowda Bus Station -Koramangala 8th Block,False,
171C,BMTCB,,Kempegowda Bus Station -Koramangala Kendriya Sadan,,3,,F53333,FFFFFF,1.0,,,,171C :Kempegowda Bus Station -Koramangala Kendriya Sadan,False,
171D,BMTCB,,Kempegowda Bus Station -Venkatapura,,3,,F53333,FFFFFF,1.0,,,,171D :Kempegowda Bus Station -Venkatapura,False,
171E,BMTCB,,Koramangala -Kamalanagar BEML Layout,,3,,F53333,FFFFFF,1.0,,,,171E :Koramangala -Kamalanagar BEML Layout,False,
171F,BMTCB,,Kempegowda Bus Station -Koramangala Housing Complex,,3,,F53333,FFFFFF,1.0,,,,171F :Kempegowda Bus Station -Koramangala Housing Complex,False,
171G,BMTCB,,Kempegowda Bus Station -Koramangala,,3,,F53333,FFFFFF,1.0,,,,171G :Kempegowda Bus Station -Koramangala,False,
171H,BMTCB,,Kempegowda Bus Station -Koramangala Housing Complex,,3,,F53333,FFFFFF,1.0,,,,171H :Kempegowda Bus Station -Koramangala Housing Complex,False,
171J,BMTCB,,Koramangala -City Railway Station,,3,,F53333,FFFFFF,1.0,,,,171J :Koramangala -City Railway Station,False,
173,BMTCB,,Koramangala -Yeshwanthpur,,3,,F53333,FFFFFF,1.0,,,,173:Koramangala -Yeshwanthpur,False,
173A,BMTCB,,Koramangala -Chowdeshwari Bus Station,,3,,F53333,FFFFFF,1.0,,,,173A :Koramangala -Chowdeshwari Bus Station,False,
174,BMTCB,,Koramangala -Mahalakshmi Layout,,3,,F53333,FFFFFF,1.0,,,Runs as 171/80 via majestic,174:Koramangala -Mahalakshmi Layout,False,
174A,BMTCB,,Koramangala -Nandini Layout,,3,,F53333,FFFFFF,1.0,,,,174A :Koramangala -Nandini Layout,False,
175,BMTCB,,Kuvempunagar (BTM Layout) -Chowdeshwari Bus Station,,3,,F53333,FFFFFF,1.0,,,,175:Kuvempunagar (BTM Layout) -Chowdeshwari Bus Station,False,
176,BMTCB,,Hampinagar -Kaval Byrasandra,,3,,F53333,FFFFFF,1.0,,,,176:Hampinagar -Kaval Byrasandra,False,
176A,BMTCB,,Kaval Byrasandra -MCTC Mysore Road Bus Station,,3,,F53333,FFFFFF,1.0,,,,176A :Kaval Byrasandra -MCTC Mysore Road Bus Station,False,
176B,BMTCB,,R.T.Nagar-Vijayanagar,,3,,F53333,FFFFFF,,,,,176B:R.T.Nagar-Vijayanagar,False,
176C,BMTCB,,Hampinagar -Sultanpalya,,3,,F53333,FFFFFF,1.0,,,,176C :Hampinagar -Sultanpalya,False,
176D,BMTCB,,GKW Layout -Ganganagar,,3,,F53333,FFFFFF,1.0,,,,176D :GKW Layout -Ganganagar,False,
177,BMTCB,,N R Colony -Mathikere,,3,,F53333,FFFFFF,1.0,,,,177:N R Colony -Mathikere,False,
177D,BMTCB,,N R Colony -Chowdeshwari Bus Station,,3,,F53333,FFFFFF,1.0,,,,177D :N R Colony -Chowdeshwari Bus Station,False,
180,BMTCB,,KHB Colony -Kaval Byrasandra,,3,,F53333,FFFFFF,1.0,,,,180:KHB Colony -Kaval Byrasandra,False,
181,BMTCB,,Bhimajyothinagar -Jayanagar 9th Block,,3,,F53333,FFFFFF,1.0,,,,181:Bhimajyothinagar -Jayanagar 9th Block,False,
181A,BMTCB,,BTM layout 2nd stage-Shankarmutt,,3,,F53333,FFFFFF,1.0,,,,181A:BTM layout 2nd stage-Shankarmutt,False,
182,BMTCB,,Shivajinagar -Padmanabhanagar,,3,,F53333,FFFFFF,1.0,,,,182:Shivajinagar -Padmanabhanagar,False,
183,BMTCB,,Shivajinagar -Shivajinagar,,3,,F53333,FFFFFF,1.0,,,,183:Shivajinagar -Shivajinagar,False,
183A,BMTCB,,Shivajinagar -Shivajinagar,,3,,F53333,FFFFFF,1.0,,,,183A :Shivajinagar -Shivajinagar,False,
184,BMTCB,,Bhimajyothinagar -Kuvempunagar South (BTM Layout),,3,,F53333,FFFFFF,1.0,,,,184:Bhimajyothinagar -Kuvempunagar South (BTM Layout),False,
185A,BMTCB,,Jayanagar 4th Block -Jayanagar 4th Block,,3,,F53333,FFFFFF,1.0,,,,185A :Jayanagar 4th Block -Jayanagar 4th Block,False,
186,BMTCB,,Nandini Layout -Jeevanabhimanagar,,3,,F53333,FFFFFF,1.0,,,,186:Nandini Layout -Jeevanabhimanagar,False,
187,BMTCB,,Nandini Layout -Sultanpalya,,3,,F53333,FFFFFF,1.0,,,,187:Nandini Layout -Sultanpalya,False,
188,BMTCB,,Mahalakshmi Layout -Banashankari 3rd Stage 2nd Phase,,3,,F53333,FFFFFF,1.0,,,,188:Mahalakshmi Layout -Banashankari 3rd Stage 2nd Phase,False,
188A,BMTCB,,Arehalli AGS Layout -Yeshwanthpur,,3,,F53333,FFFFFF,1.0,,,,188A :Arehalli AGS Layout -Yeshwanthpur,False,
188B,BMTCB,,Chennammanakere Achkattu -Chowdeshwari Bus Station,,3,,F53333,FFFFFF,1.0,,,,188B :Chennammanakere Achkattu -Chowdeshwari Bus Station,False,
189,BMTCB,,J P Nagar 3rd Phase -Mahalakshmi Layout,,3,,F53333,FFFFFF,1.0,,,,189:J P Nagar 3rd Phase -Mahalakshmi Layout,False,
190,BMTCB,,Srinagar -Jeevanabhimanagar,,3,,F53333,FFFFFF,1.0,,,,190:Srinagar -Jeevanabhimanagar,False,
192,BMTCB,,Vivekanandanagar -KHB Colony,,3,,F53333,FFFFFF,1.0,,,,192:Vivekanandanagar -KHB Colony,False,
194,BMTCB,,Shivajinagar -Income Tax Layout,,3,,F53333,FFFFFF,1.0,,,,194:Shivajinagar -Income Tax Layout,False,
195,BMTCB,,Shivajinagar -Chandra Layout,,3,,F53333,FFFFFF,1.0,,,,195:Shivajinagar -Chandra Layout,False,
195A,BMTCB,,Shivajinagar -Chandra Layout 1st Stage,,3,,F53333,FFFFFF,1.0,,,,195A :Shivajinagar -Chandra Layout 1st Stage,False,
196,BMTCB,,Shivajinagar -Bapuji Layout Saraswathinagar,,3,,F53333,FFFFFF,1.0,,,,196:Shivajinagar -Bapuji Layout Saraswathinagar,False,
197,BMTCB,,Sultanpalya -Jeevanabhimanagar,,3,,F53333,FFFFFF,1.0,,,,197:Sultanpalya -Jeevanabhimanagar,False,
200,BMTCB,,Nandini Layout -Madiwala Police Station,,3,,F53333,FFFFFF,1.0,,,,200:Nandini Layout -Madiwala Police Station,False,
201,BMTCB,,Srinagar -Domlur,,3,,F53333,FFFFFF,1.0,,,,201:Srinagar -Domlur,False,
201B,BMTCB,,Banashankari -Domlur,,3,,F53333,FFFFFF,1.0,,,,201B:Banashankari -Domlur,False,
201C,BMTCB,,Banashankari -Madiwala,,3,,F53333,FFFFFF,1.0,,,,201C :Banashankari -Madiwala,False,
201D,BMTCB,,Indiranagar police station-Madiwala mosque,,3,,F53333,FFFFFF,1.0,,,,201D :Indiranagar police station-Madiwala mosque,False,
201E,BMTCB,,Banashankari -Koramangala,,3,,F53333,FFFFFF,1.0,,,,201E :Banashankari -Koramangala,False,
201F,BMTCB,,Srinivasanagar -Banashankari,,3,,F53333,FFFFFF,1.0,,,,201F :Srinivasanagar -Banashankari,False,
201G,BMTCB,,Banashankari -Jeevanabhimanagar,,3,,F53333,FFFFFF,1.0,,,,201G :Banashankari -Jeevanabhimanagar,False,
201H,BMTCB,,Avalahalli BDA Park -Koramangala,,3,,F53333,FFFFFF,1.0,,,,201H :Avalahalli BDA Park -Koramangala,False,
201J,BMTCB,,Padmanabhanagar -Jeevanabhimanagar,,3,,F53333,FFFFFF,1.0,,,,201J :Padmanabhanagar -Jeevanabhimanagar,False,
201K,BMTCB,,JHBCS Layout -Domlur,,3,,F53333,FFFFFF,1.0,,,,201K :JHBCS Layout -Domlur,False,
201M,BMTCB,,Jeevanabhimanagar -Hampinagar,,3,,F53333,FFFFFF,1.0,,,,201M :Jeevanabhimanagar -Hampinagar,False,
201MA,BMTCB,,Madiwala Ayyappa Temple -Jeevanabhimanagar,,3,,F53333,FFFFFF,1.0,,,,201MA :Madiwala Ayyappa Temple -Jeevanabhimanagar,False,
201P,BMTCB,,Hosakerahalli-Neelasandra,,3,,F53333,FFFFFF,1.0,,,,201P:Hosakerahalli-Neelasandra,False,
201Q,BMTCB,,Silk board-Ulsoor-Jeevanbhimanagar,,3,,F53333,FFFFFF,1.0,,,,201Q:Silk board-Ulsoor-Jeevanbhimanagar,False,
201S,BMTCB,,Banashankari-Forum-Domlur,,3,,F53333,FFFFFF,1.0,,,,201S:Banashankari-Forum-Domlur,False,
201U,BMTCB,,AGS Layout- Byappanhalli,,3,,F53333,FFFFFF,1.0,,,,201U: AGS Layout- Byappanhalli,False,
201V,BMTCB,,Jayanagar 4th block-Neelasandra,,3,,F53333,FFFFFF,1.0,,,,201V:Jayanagar 4th block-Neelasandra,False,
202,BMTCB,,Yeshwanthpur -Kumaraswamy Layout,,3,,F53333,FFFFFF,1.0,,,,202:Yeshwanthpur -Kumaraswamy Layout,False,
202A,BMTCB,,Chowdeshwari Bus Station -Padmanabhanagar,,3,,F53333,FFFFFF,1.0,,,,202A :Chowdeshwari Bus Station -Padmanabhanagar,False,
203,BMTCB,,Yeshwanthpur -J P Nagar 3rd Phase,,3,,F53333,FFFFFF,1.0,,,,203:Yeshwanthpur -J P Nagar 3rd Phase,False,
206,BMTCB,,Nandini Layout -Nandini Layout,,3,,F53333,FFFFFF,1.0,,,,206:Nandini Layout -Nandini Layout,False,
206A,BMTCB,,Nandini Layout -Nandini Layout,,3,,F53333,FFFFFF,1.0,,,,206A :Nandini Layout -Nandini Layout,False,
207,BMTCB,,Kaval Byrasandra -Kaval Byrasandra,,3,,F53333,FFFFFF,1.0,,,,207:Kaval Byrasandra -Kaval Byrasandra,False,
207A,BMTCB,,Kaval Byrasandra -Kaval Byrasandra,,3,,F53333,FFFFFF,1.0,,,,207A :Kaval Byrasandra -Kaval Byrasandra,False,
210,BMTCB,,K R Market -Uttarahalli,"Basavanagudi police station,south end,Banashankari,Konanakunte cross,Vasanthapura",3,,F53333,FFFFFF,1.0,,,,210:K R Market -Uttarahalli,False,
210A,BMTCB,,Kempegowda Bus Station -ISRO Layout,"Corporation,K.R.Market.Basavanagudi police station,K.R.Road,Monotype,Kadirenhalli cross,Kumaraswamy layout",3,,F53333,FFFFFF,1.0,,,,210A :Kempegowda Bus Station -ISRO Layout,False,
210B,BMTCB,,K R Market -Chunchaghatta,"Basavanagudi police station,south end,Banashankari,Jaraganahalli",3,,F53333,FFFFFF,1.0,,,,210B :K R Market -Chunchaghatta,False,
210C,BMTCB,,K R Market -Karishma Hills,"Basavanagudi police station,south end,Banashankari,Konanakunte cross.",3,,F53333,FFFFFF,1.0,,,,210C :K R Market -Karishma Hills,False,
210CA,BMTCB,,Kempegowda Bus Station -Gubbalala,"Corporation,Lalbagh,South end,Yediyur,Banashankari,210C",3,,F53333,FFFFFF,1.0,,,,210CA :Kempegowda Bus Station -Gubbalala,False,
210D,BMTCB,,K R Market -Vasanthapura,"Basavanagudi police station,South end,Banashankari,Kadirenhalli cross,Uttarahalli",3,,F53333,FFFFFF,1.0,,,,210D :K R Market -Vasanthapura,False,
210E,BMTCB,,Kempegowda Bus Station -Vasanthapura,"Corporation,K.R.Market,210D",3,,F53333,FFFFFF,1.0,,,,210E :Kempegowda Bus Station -Vasanthapura,False,
210EA,BMTCB,,Kempegowda Bus Station- BGS Hospital,,3,,F53333,FFFFFF,1.0,,,,210EA: Kempegowda bus station- BGS,False,
210F,BMTCB,,Shivajinagar -Uttarahalli,"Richmond,Shantinagar,Wilson garden,Jayanagar 1st-4th block,Banashankari",3,,F53333,FFFFFF,1.0,,,,210F :Shivajinagar -Uttarahalli,False,
210G,BMTCB,,Shivajinagar -Vasanthapura,"Richmond,Shantinagar,Wilson garden,Jayanagar 1st-4th block,Banashankari,Monotype,Kadirenhalli cross,Kumaraswamy layout",3,,F53333,FFFFFF,1.0,,,,210G :Shivajinagar -Vasanthapura,False,
210GA,BMTCB,,Shivajinagar-Kumaraswamy layout West,Same as 210G,3,,F53333,FFFFFF,1.0,,,,210GA:Shivajinagar-Kumaraswamy layout West,False,
210H,BMTCB,,Shivajinagar -Uttarahalli,"GPO,Vidhansoudha,Corporation,K.R.Market,Basavanagudi,N.R.Colony,thyagaraja nagar,Padmanabhanagar,Chikkalasandra",3,,F53333,FFFFFF,1.0,,,,210H:Shivajinagar -Uttarahalli,False,
210HA,BMTCB,,Shivajinagar-Uttarahalli,"Shantinagar,Jayanagar,Banashankari",3,,F53333,FFFFFF,1.0,,,,210HA:Shivajinagar-Uttarahalli,False,
210I,BMTCB,,Kempegowda bus station-Chikkalasandra,"Corporation,Lalbagh,South end,Yediyur,Padmanabha nagar",3,,F53333,FFFFFF,1.0,,,,210I:Kempegowda bus station-Chikkalasandra,False,
210IA,BMTCB,,Kempegowda bus station-Chikkalasandra,"Corporation,Lalbagh,South end,Jayanagar 4th block,Banashankari,Padmanabhanagar",3,,F53333,FFFFFF,1.0,,,,210IA:Kempegowda bus station-Chikkalasandra,False,
210J,BMTCB,,Kempegowda Bus Station -Chikkalasandra Ramanjaneya Layout,"Corporation,K.r.Market,Basavanagudi police station,N.R.Colony,Thyagarajanagar,Padmanabhanagar",3,,F53333,FFFFFF,1.0,,,,210J:Kempegowda Bus Station -Chikkalasandra Ramanjaneya Layout,False,
210KA,BMTCB,,Kempegowda bus station -JHBCS layout,210J,3,,F53333,FFFFFF,1.0,,,,210KA:Kempegowda bus station -JHBCS layout,False,
210KB,BMTCB,,Shivajinagar-JHBCS layout,"Shantinagar,Wilson garden,Jayanagar 1st-4th block,Banashankari,Padmanabhanagar",3,,F53333,FFFFFF,1.0,,,,210KB:Shivajinagar-JHBCS layout,False,
210K,BMTCB,,Kempegowda Bus Station -Uttarahalli,Same as 210I,3,,F53333,FFFFFF,1.0,,,,210K :Kempegowda Bus Station -Uttarahalli,False,
210L,BMTCB,,Banashankari -BEML Complex (Rajarajeshwarinagar),"Kadirenhalli cross,Uttarahalli,Chennasandra",3,,F53333,FFFFFF,1.0,,,,210L :Banashankari -BEML Complex (Rajarajeshwarinagar),False,
210M,BMTCB,,Mahalakshmi Layout -Naidu Layout (Chikkalasandra),,3,,F53333,FFFFFF,1.0,,,,210M :Mahalakshmi Layout -Naidu Layout (Chikkalasandra),False,
210N,BMTCB,,Kempegowda Bus Station -Uttarahalli,210J route,3,,F53333,FFFFFF,1.0,,,,210N :Kempegowda Bus Station -Uttarahalli,False,
210NA,BMTCB,,Kempegowda Bus Station -Poornaprajna Layout,210N route,3,,F53333,FFFFFF,1.0,,,,210NA :Kempegowda Bus Station -Poornaprajna Layout,False,
210P,BMTCB,,Kempegowda Bus Station -Chikkalasandra,210J route,3,,F53333,FFFFFF,1.0,,,,210P :Kempegowda Bus Station -Chikkalasandra,False,
210Q,BMTCB,,Shivajinagar -Chikkalasandra,210KB route,3,,F53333,FFFFFF,1.0,,,,210Q :Shivajinagar -Chikkalasandra,False,
210R,BMTCB,,Kempegowda Bus Station -Vasanthapura,210A route,3,,F53333,FFFFFF,1.0,,,,210R :Kempegowda Bus Station -Vasanthapura,False,
210T,BMTCB,,Banashankari -Banashankari,"Jaraganahalli,Konanakunte cross,Vasanthapura,Uttarahalli",3,,F53333,FFFFFF,1.0,,,,210T :Banashankari -Banashankari,False,
210U,BMTCB,,Kempegowda Bus Station -Kumaraswamy Layout West,210A route,3,,F53333,FFFFFF,1.0,,,,210U :Kempegowda Bus Station -Kumaraswamy Layout West,False,
210V,BMTCB,,Banashankari -Banashankari,opposite route of 210T,3,,F53333,FFFFFF,1.0,,,,210V :Banashankari -Banashankari,False,
210W,BMTCB,,Kempegowda Bus Station -Karishma Hills,"K.R.Market, K.R.Road, Thyagarajanagar",3,,F53333,FFFFFF,1.0,,,,210W :Kempegowda Bus Station -Karishma Hills,False,
210X,BMTCB,,Kempegowda Bus Station -Chandranagar,210A route,3,,F53333,FFFFFF,1.0,,,,210X :Kempegowda Bus Station -Chandranagar,False,
210Z,BMTCB,,Kempegowda Bus Station -Naidu Layout (Chikkalasandra),"Corporation,K.R.Market,Basavanagudi police station,K.R.Road,Banashankari,Kadirenhalli cross",3,,F53333,FFFFFF,1.0,,,,210Z :Kempegowda Bus Station -Naidu Layout (Chikkalasandra),False,
210ZA,BMTCB,,Kempegowda Bus Station-Chikkalasandra Ramanjeneya layout,210Z route,3,,,,,,,,210ZA:Kempegowda Bus Station-Chikkalasandra Ramanjeneya layout,False,
211,BMTCB,,K R Market -Somanahalli,,3,,F53333,FFFFFF,1.0,,,,211:K R Market -Somanahalli,False,
211A,BMTCB,,K R Market -Vajramuneshwara Temple,,3,,F53333,FFFFFF,1.0,,,,211A :K R Market -Vajramuneshwara Temple,False,
211B,BMTCB,,Kempegowda Bus Station -Somanahalli,,3,,F53333,FFFFFF,1.0,,,,211B :Kempegowda Bus Station -Somanahalli,False,
211C,BMTCB,,K R Market -Vaderahalli,,3,,F53333,FFFFFF,1.0,,,,211C :K R Market -Vaderahalli,False,
211D,BMTCB,,K R Market -Naganayakanahalli,,3,,F53333,FFFFFF,1.0,,,,211D :K R Market -Naganayakanahalli,False,
211E,BMTCB,,K R Market -Karenahalli,,3,,F53333,FFFFFF,1.0,,,,211E :K R Market -Karenahalli,False,
211F,BMTCB,,Kempegowda Bus Station -Kaggalipura,,3,,F53333,FFFFFF,1.0,,,,211F :Kempegowda Bus Station -Kaggalipura,False,
211G,BMTCB,,K R Market -Kodiyala,,3,,F53333,FFFFFF,1.0,,,,211G :K R Market -Kodiyala,False,
211H,BMTCB,,K R Market -Mukkodlu,,3,,F53333,FFFFFF,1.0,,,,211H :K R Market -Mukkodlu,False,
211J,BMTCB,,Kempegowda Bus Station -Vaderahalli,,3,,F53333,FFFFFF,1.0,,,,211J :Kempegowda Bus Station -Vaderahalli,False,
211K,BMTCB,,K R Market -Gudipalya,,3,,F53333,FFFFFF,1.0,,,,211K :K R Market -Gudipalya,False,
211M,BMTCB,,K R Market -Honnahalaganadoddi,,3,,F53333,FFFFFF,1.0,,,,211M :K R Market -Honnahalaganadoddi,False,
211N,BMTCB,,K R Market -Bidadi,,3,,F53333,FFFFFF,1.0,,,,211N :K R Market -Bidadi,False,
211P,BMTCB,,K R Market -Anchipura,,3,,F53333,FFFFFF,1.0,,,,211P :K R Market -Anchipura,False,
212,BMTCB,,K R Market -Agara (Kanakapura Road),,3,,F53333,FFFFFF,1.0,,,,212:K R Market -Agara (Kanakapura Road),False,
212B,BMTCB,,K R Market -Narayanapura,,3,,F53333,FFFFFF,1.0,,,,212B :K R Market -Narayanapura,False,
212F,BMTCB,,Thatguni-Kempegowda bus station,,3,,F53333,FFFFFF,1.0,,,,212F:Thatguni-Kempegowda bus station,False,
213,BMTCB,,K R Market -Ravugodlu,,3,,F53333,FFFFFF,1.0,,,,213:K R Market -Ravugodlu,False,
213A,BMTCB,,K R Market -Nettigere,,3,,F53333,FFFFFF,1.0,,,,213A :K R Market -Nettigere,False,
213B,BMTCB,,K R Market -Kaggalahalli (Kanakapura Road),,3,,F53333,FFFFFF,1.0,,,,213B :K R Market -Kaggalahalli (Kanakapura Road),False,
213C,BMTCB,,K R Market -Nowkalpalya,,3,,F53333,FFFFFF,1.0,,,,213C :K R Market -Nowkalpalya,False,
213E,BMTCB,,K R Market -Thokkathimmanadoddi,,3,,F53333,FFFFFF,1.0,,,,213E :K R Market -Thokkathimmanadoddi,False,
213F,BMTCB,,K R Market -Bannigiri,,3,,F53333,FFFFFF,1.0,,,,213F :K R Market -Bannigiri,False,
213FA,BMTCB,,K.R.Market-Kodipalya,,3,,F53333,FFFFFF,1.0,,,,213FA:K.R.Market-Kodipalya,False,
213G,BMTCB,,K.R.Market- Gabbadi,,3,,F53333,FFFFFF,1.0,,,,213G:K.R.Market- Gabbadi,False,
213K,BMTCB,,K R Market -Gundanjaneya Temple,,3,,F53333,FFFFFF,1.0,,,,213K :K R Market -Gundanjaneya Temple,False,
214,BMTCB,,K R Market -Thattaguppe,,3,,F53333,FFFFFF,1.0,,,,214:K R Market -Thattaguppe,False,
214A,BMTCB,,Shivajinagar -Thattaguppe,,3,,F53333,FFFFFF,1.0,,,,214A :Shivajinagar -Thattaguppe,False,
214B,BMTCB,,K R Market -Girigowdanadoddi,,3,,F53333,FFFFFF,1.0,,,,214B :K R Market -Girigowdanadoddi,False,
214C,BMTCB,,K R Market -Mukkodlu,,3,,F53333,FFFFFF,1.0,,,,214C :K R Market -Mukkodlu,False,
214D,BMTCB,,K R Market -Taralu Estate,,3,,F53333,FFFFFF,1.0,,,,214D :K R Market -Taralu Estate,False,
214E,BMTCB,,K R Market -Muninagara,,3,,F53333,FFFFFF,1.0,,,,214E :K R Market -Muninagara,False,
214F,BMTCB,,Yeshwanthpur Regulated Market -Mukkodlu,,3,,F53333,FFFFFF,1.0,,,,214F :Yeshwanthpur Regulated Market -Mukkodlu,False,
214J,BMTCB,,K R Market -Nallakkanadoddi,,3,,F53333,FFFFFF,1.0,,,,214J :K R Market -Nallakkanadoddi,False,
215,BMTCB,,K R Market -Amruthanagar,"Basavanagudi,South end,Banashankari,Konanakunte cross",3,,F53333,FFFFFF,1.0,,,,215:K R Market -Amruthanagar,False,
215A,BMTCB,,K R Market -Kothanur (Kanakapura Road),Same as 215,3,,F53333,FFFFFF,1.0,,,,215A :K R Market -Kothanur (Kanakapura Road),False,
215AA,BMTCB,,Banashankari-Banashankari,"Konanakunte cross, Soudhamani layout",3,,F53333,FFFFFF,1.0,,,,215AA:Banashankari-Banashankari,False,
215B,BMTCB,,K R Market -Avalahalli BDA Layout (Kothanur),"Lalbagh West gate,South end,Banashankari,Konanakunte cross",3,,F53333,FFFFFF,1.0,,,,215B :K R Market -Avalahalli BDA Layout (Kothanur),False,
215B Night Services,BMTCB,,Kempegowda bus station-Avalahalli BDA complex,"Corporation,Lalbagh, Banashankari",3,,F53333,FFFFFF,1.0,,,,215B Night Services:Kempegowda bus station-Avalahalli BDA complex,False,
215C,BMTCB,,K R Market -Jambusavari Dinne,"Basavanagudi,South end,Jayanagar,J.P.Nagar 1st phase,Puttenhalli,Kothnur dinne",3,,F53333,FFFFFF,1.0,,,,215C :K R Market -Jambusavari Dinne,False,
215CA,BMTCB,,Jayanagar 4th block-Jambusavaridinne,Same as 215C,3,,F53333,FFFFFF,1.0,,,,215CA:Jayanagar 4th block-Jambusavaridinne,False,
215D,BMTCB,,Kempegowda Bus Station -Eshwara Layout,"Corporation,Lalbagh west gate,Jayanagar 4th block,J.P.Nagar 1st phase,Puutenhalli",3,,F53333,FFFFFF,1.0,,,,215D :Kempegowda Bus Station -Eshwara Layout,False,
215E,BMTCB,,Kempegowda Bus Station -Beereshwaranagar,Same as 215D,3,,F53333,FFFFFF,1.0,,,,215E :Kempegowda Bus Station -Beereshwaranagar,False,
215F,BMTCB,,K R Market -Kothanur (Kanakapura Road),"Basavanagudi,South end,Banashankari,Jaraganahalli,Chunchagatta",3,,F53333,FFFFFF,1.0,,,,215F :K R Market -Kothanur (Kanakapura Road),False,
215G,BMTCB,,Kempegowda Bus Station -Srinidhi Layout,"Corporation,Lalbagh west gate,Banashankari",3,,F53333,FFFFFF,1.0,,,,215G :Kempegowda Bus Station -Srinidhi Layout,False,
215H,BMTCB,,Kempegowda Bus Station -Jambusavari Dinne,"Corporation,Lalbagh,Jayanagar,J.P.Nagar 1st phase,Puttenhalli,Kothnur dinne",3,,F53333,FFFFFF,1.0,,,,215H :Kempegowda Bus Station -Jambusavari Dinne,False,
215J,BMTCB,,Kempegowda Bus Station -Kothanur (Kanakapura Road),"Corporation,Lalbagh,South end,Banashankari,Chunchagatta",3,,F53333,FFFFFF,1.0,,,,215J :Kempegowda Bus Station -Kothanur (Kanakapura Road),False,
215K,BMTCB,,K.R.Market-anjanapura,"Basavanagudi,South end,Banashankari,Konanakunte cross",3,,F53333,FFFFFF,1.0,,,,215K:K.R.Market-anjanapura,False,
215L,BMTCB,,Kempegowda Bus Station -Krishna Layout,Same as 215H to Kothnur dinne,3,,F53333,FFFFFF,1.0,,,,215L :Kempegowda Bus Station -Krishna Layout,False,
215M,BMTCB,,Kempegowda Bus Station -J P Nagar 5th Phase,"Corporation,lalbagh,south end,Jayanagar,J.P.nagar 1st phase,Delmia",3,,F53333,FFFFFF,1.0,,,,215M :Kempegowda Bus Station -J P Nagar 5th Phase,False,
215N,BMTCB,,Kempegowda Bus Station -Anjanapura,"Corporation,K.R.Market,215K",3,,F53333,FFFFFF,1.0,,,,215N :Kempegowda Bus Station -Anjanapura,False,
215NA,BMTCB,,Kempegowda bus station-Amruthnagara,215N route,3,,F53333,FFFFFF,1.0,,,,215NA:Kempegowda bus station-Amruthnagara,False,
215P,BMTCB,,K R Market -Konanakunte Cross,,3,,F53333,FFFFFF,1.0,,,,215P :K R Market -Konanakunte Cross,False,
215Q,BMTCB,,Koramangala -Anjanapura,"Madiwala,BTM,Banashankari,Konanakunte cross",3,,F53333,FFFFFF,1.0,,,,215Q :Koramangala -Anjanapura,False,
215R,BMTCB,,Kempegowda Bus Station -Kothanur (Kanakapura Road),"corporation,Lalbagh,South end,Jayanagar 4th block,Banashankari,Chunchgatta",3,,F53333,FFFFFF,1.0,,,,215R :Kempegowda Bus Station -Kothanur (Kanakapura Road),False,
215T,BMTCB,,K R Market -Tulasipura,"Basavanagudi,South end,Banashankari,Konanakunte cross",3,,F53333,FFFFFF,1.0,,,,215T :K R Market -Tulasipura,False,
215U,BMTCB,,Shivajinagar -Kothnur,"Shantinagar,Wilson garden,Jayanagar,Banashankari",3,,F53333,FFFFFF,1.0,,,,215U:Shivajinagar -Kothnur,False,
215W,BMTCB,,Jayanagar 4th Block -Jayanagar 4th Block,"J.P.Nagar 1st phase,Puttenhalli,Kothnur dinne,Jambusavari dinne,Konanakunte cross,Banashankari",3,,F53333,FFFFFF,1.0,,,,215W :Jayanagar 4th Block -Jayanagar 4th Block,False,
215X,BMTCB,,K R Market -Thippasandra (Kanakapura Road),Same as 215B,3,,F53333,FFFFFF,1.0,,,,215X :K R Market -Thippasandra (Kanakapura Road),False,
215Y,BMTCB,,Jayanagar 4th Block -Jayanagar 4th Block,Opposite of 215W,3,,F53333,FFFFFF,1.0,,,,215Y :Jayanagar 4th Block -Jayanagar 4th Block,False,
215Z,BMTCB,,K R Market -Bannerghatta Circle,"Basavanagudi,South end,Banashankari,Konanakunte cross,Gottigere",3,,F53333,FFFFFF,1.0,,,,215Z :K R Market -Bannerghatta Circle,False,
216,BMTCB,,K R Market -Banjarapalya,,3,,F53333,FFFFFF,1.0,,,,216:K R Market -Banjarapalya,False,
216A,BMTCB,,K R Market -Byrasandra (Kanakapura Road),,3,,F53333,FFFFFF,1.0,,,,216A :K R Market -Byrasandra (Kanakapura Road),False,
217,BMTCB,,K R Market -Somapura,,3,,F53333,FFFFFF,1.0,,,,217:K R Market -Somapura,False,
217B,BMTCB,,K.R.Market-Kengeri,"South end, Banashankari,",3,,F53333,FFFFFF,1.0,,,,217B:K.R.Market-Kengeri,False,
218,BMTCB,,K R Market -Kambipura,,3,,F53333,FFFFFF,1.0,,,,218:K R Market -Kambipura,False,
218A,BMTCB,,Kempegowda Bus Station -Kambipura,,3,,F53333,FFFFFF,1.0,,,,218A :Kempegowda Bus Station -Kambipura,False,
219,BMTCB,,K.R.Market-K.R.Market,"MCTC,Rajarajeshwari nagar,Kengeri circle,Uttarahalli,Konanakunte cross,Banashankari",3,,F53333,FFFFFF,1.0,,,,219:K.R.Market-K.R.Market,False,
220A,BMTCB,,K R Market -Dubasipalya,,3,,F53333,FFFFFF,1.0,,,,220A :K R Market -Dubasipalya,False,
220D,BMTCB,,K R Market -Doddabele,,3,,F53333,FFFFFF,1.0,,,,220D :K R Market -Doddabele,False,
220G,BMTCB,,K R Market -FCI Colony,,3,,F53333,FFFFFF,1.0,,,,220G :K R Market -FCI Colony,False,
221,BMTCB,,K R Market -Gulagunjanahalli,,3,,F53333,FFFFFF,1.0,,,,221:K R Market -Gulagunjanahalli,False,
221B,BMTCB,,K R Market -Thavarekere (Magadi Road),,3,,F53333,FFFFFF,1.0,,,,221B :K R Market -Thavarekere (Magadi Road),False,
221C,BMTCB,,K R Market -Doddabasti,,3,,F53333,FFFFFF,1.0,,,,221C :K R Market -Doddabasti,False,
221D,BMTCB,,K R Market -Beedi Karmikara Layout,,3,,F53333,FFFFFF,1.0,,,,221D :K R Market -Beedi Karmikara Layout,False,
221E,BMTCB,,K R Market -Ramasandra,,3,,F53333,FFFFFF,1.0,,,,221E :K R Market -Ramasandra,False,
221F,BMTCB,,Kempegowda Bus Station -Hunasemaradapalya,,3,,F53333,FFFFFF,1.0,,,,221F :Kempegowda Bus Station -Hunasemaradapalya,False,
221G,BMTCB,,Kempegowda Bus Station -Beedi Karmikara Layout,,3,,F53333,FFFFFF,1.0,,,,221G :Kempegowda Bus Station -Beedi Karmikara Layout,False,
221J,BMTCB,,K R Market -Thavarekere (Magadi Road),,3,,F53333,FFFFFF,1.0,,,,221J :K R Market -Thavarekere (Magadi Road),False,
221K,BMTCB,,K R Market -Kommaghatta,,3,,F53333,FFFFFF,1.0,,,,221K :K R Market -Kommaghatta,False,
222,BMTCB,,K R Market -Kengeri Satellite Town,,3,,F53333,FFFFFF,1.0,,,,222:K R Market -Kengeri Satellite Town,False,
222A,BMTCB,,Kempegowda Bus Station -Kengeri Satellite Town,,3,,F53333,FFFFFF,1.0,,,,222A :Kempegowda Bus Station -Kengeri Satellite Town,False,
222D,BMTCB,,K R Market -Kengeri Satellite Town,,3,,F53333,FFFFFF,1.0,,,,222D :K R Market -Kengeri Satellite Town,False,
222E,BMTCB,,Shivajinagar -Kengeri Satellite Town,,3,,F53333,FFFFFF,1.0,,,,222E :Shivajinagar -Kengeri Satellite Town,False,
222F,BMTCB,,Kempegowda Bus Station -Kengeri Housing Board Quarters,,3,,F53333,FFFFFF,1.0,,,,222F :Kempegowda Bus Station -Kengeri Housing Board Quarters,False,
222G,BMTCB,,Jayanagar 4th block -Kengeri Satellite Town,,3,,F53333,FFFFFF,1.0,,,,222G :Jayanagar 4th block -Kengeri Satellite Town,False,
222J,BMTCB,,K R Market -Bandemutt,,3,,F53333,FFFFFF,1.0,,,,222J :K R Market -Bandemutt,False,
222M,BMTCB,,Banashankari-Kengeri-Tavarekere,,3,,F53333,FFFFFF,1.0,,,,222M:Banashankari-Kengeri-Tavarekere,False,
223,BMTCB,,K R Market -Mallathahalli,,3,,F53333,FFFFFF,1.0,,,,223:K R Market -Mallathahalli,False,
223A,BMTCB,,Shivajinagar -Doddabasti,,3,,F53333,FFFFFF,1.0,,,,223A :Shivajinagar -Doddabasti,False,
223B,BMTCB,,Shivajinagar -Mallathahalli,,3,,F53333,FFFFFF,1.0,,,,223B :Shivajinagar -Mallathahalli,False,
223D,BMTCB,,K R Market -Doddabasti,,3,,F53333,FFFFFF,1.0,,,,223D :K R Market -Doddabasti,False,
223E,BMTCB,,K R Market -Ramasandra,,3,,F53333,FFFFFF,1.0,,,,223E :K R Market -Ramasandra,False,
223F,BMTCB,,K R Market -Sulikere,,3,,F53333,FFFFFF,1.0,,,,223F :K R Market -Sulikere,False,
223G,BMTCB,,K R Market -Doddabasti,,3,,F53333,FFFFFF,1.0,,,,223G :K R Market -Doddabasti,False,
223J,BMTCB,,Bommanahalli -Doddabasti,,3,,F53333,FFFFFF,1.0,,,,223J :Bommanahalli -Doddabasti,False,
223K,BMTCB,,HAL Main Gate -Doddabasti,,3,,F53333,FFFFFF,1.0,,,,223K :HAL Main Gate -Doddabasti,False,
223L,BMTCB,,K R Market -Maruthinagar (Mysore Road),,3,,F53333,FFFFFF,1.0,,,,223L :K R Market -Maruthinagar (Mysore Road),False,
223M,BMTCB,,Shivajinagar -Mallathahalli,,3,,F53333,FFFFFF,1.0,,,,223M :Shivajinagar -Mallathahalli,False,
223N,BMTCB,,K R Market -Jnanajyothinagar 2nd Stage,,3,,F53333,FFFFFF,1.0,,,,223N :K R Market -Jnanajyothinagar 2nd Stage,False,
224,BMTCB,,K R Market -Karabele,,3,,F53333,FFFFFF,1.0,,,,224:K R Market -Karabele,False,
224D,BMTCB,,K R Market -Doddipalya,,3,,F53333,FFFFFF,1.0,,,,224D :K R Market -Doddipalya,False,
225,BMTCB,,K R Market -Channasandra (Uttarahalli Road),,3,,F53333,FFFFFF,1.0,,,,225:K R Market -Channasandra (Uttarahalli Road),False,
225A,BMTCB,,K R Market -Srinivasapura (Uttarahalli Road),,3,,F53333,FFFFFF,1.0,,,,225A :K R Market -Srinivasapura (Uttarahalli Road),False,
225B,BMTCB,,Jayanagar 9th Block -BEML 5th Stage,,3,,F53333,FFFFFF,1.0,,,,225B :Jayanagar 9th Block -BEML 5th Stage,False,
225C,BMTCB,,Kempegowda Bus Station -BEML 5th Stage,,3,,F53333,FFFFFF,1.0,,,,225C :Kempegowda Bus Station -BEML 5th Stage,False,
225D,BMTCB,,Kempegowda Bus Station -Channasandra (Uttarahalli Road),,3,,F53333,FFFFFF,1.0,,,,225D :Kempegowda Bus Station -Channasandra (Uttarahalli Road),False,
225E,BMTCB,,Bangalore Childrens Hospital -Yeshwanthpur Regulated Market,,3,,F53333,FFFFFF,1.0,,,,225E :Bangalore Childrens Hospital -Yeshwanthpur Regulated Market,False,
225F,BMTCB,,K R Market -Ganakal,,3,,F53333,FFFFFF,1.0,,,,225F :K R Market -Ganakal,False,
225G,BMTCB,,K R Market -Bangarappanagar,,3,,F53333,FFFFFF,1.0,,,,225G :K R Market -Bangarappanagar,False,
225H,BMTCB,,Kempegowda Bus Station -BEML 5th Stage,,3,,F53333,FFFFFF,1.0,,,,225H :Kempegowda Bus Station -BEML 5th Stage,False,
225J,BMTCB,,Kempegowda Bus Station -Shakthi Resorts,,3,,F53333,FFFFFF,1.0,,,,225J :Kempegowda Bus Station -Shakthi Resorts,False,
225K,BMTCB,,K R Market -BHEL Layout (Bangalore University),,3,,F53333,FFFFFF,1.0,,,,225K :K R Market -BHEL Layout (Bangalore University),False,
225S,BMTCB,,Shanthinagar Bus Station -Shanthinagar Bus Station,,3,,F53333,FFFFFF,1.0,,,,225S :Shanthinagar Bus Station -Shanthinagar Bus Station,False,
226,BMTCB,,K R Market -Billakempanahalli,,3,,F53333,FFFFFF,1.0,,,,226:K R Market -Billakempanahalli,False,
226A,BMTCB,,Kempegowda Bus Station -Hampapura,,3,,F53333,FFFFFF,1.0,,,,226A :Kempegowda Bus Station -Hampapura,False,
226B,BMTCB,,K R Market -Hampapura,,3,,F53333,FFFFFF,1.0,,,,226B :K R Market -Hampapura,False,
226C,BMTCB,,K R Market -Thimmappanapalya,,3,,F53333,FFFFFF,1.0,,,,226C :K R Market -Thimmappanapalya,False,
226D,BMTCB,,K R Market -Vajarahalli,,3,,F53333,FFFFFF,1.0,,,,226D :K R Market -Vajarahalli,False,
226E,BMTCB,,K R Market -Channegowdanadoddi,,3,,F53333,FFFFFF,1.0,,,,226E :K R Market -Channegowdanadoddi,False,
226F,BMTCB,,K R Market -Bidadi,,3,,F53333,FFFFFF,1.0,,,,226F :K R Market -Bidadi,False,
226G,BMTCB,,Shivajinagar -Bidadi,,3,,F53333,FFFFFF,1.0,,,,226G :Shivajinagar -Bidadi,False,
226J,BMTCB,,Kempegowda Bus Station -Hakki Pikki Colony (Mysore Road),,3,,F53333,FFFFFF,1.0,,,,226J :Kempegowda Bus Station -Hakki Pikki Colony (Mysore Road),False,
226K,BMTCB,,K R Market -Shanumangala,,3,,F53333,FFFFFF,1.0,,,,226K :K R Market -Shanumangala,False,
226L,BMTCB,,K R Market -Hakki Pikki Colony (Mysore Road),,3,,F53333,FFFFFF,1.0,,,,226L :K R Market -Hakki Pikki Colony (Mysore Road),False,
226M,BMTCB,,K R Market -Bidadi,,3,,F53333,FFFFFF,1.0,,,,226M :K R Market -Bidadi,False,
226N,BMTCB,,Kempegowda Bus Station -Bidadi,,3,,F53333,FFFFFF,1.0,,,,226N :Kempegowda Bus Station -Bidadi,False,
226P,BMTCB,,K R Market -M Karenahalli,,3,,F53333,FFFFFF,1.0,,,,226P :K R Market -M Karenahalli,False,
226W,BMTCB,,Banashankari-Bidadi,,3,,F53333,FFFFFF,1.0,,,,226W:Banashankari-Bidadi,False,
227,BMTCB,,K R Market -Chunchanakuppe,,3,,F53333,FFFFFF,1.0,,,,227:K R Market -Chunchanakuppe,False,
227A,BMTCB,,K R Market -Mayasandra (Mysore Road),,3,,F53333,FFFFFF,1.0,,,,227A :K R Market -Mayasandra (Mysore Road),False,
227B,BMTCB,,K R Market -Thavarekere (Magadi Road),,3,,F53333,FFFFFF,1.0,,,,227B :K R Market -Thavarekere (Magadi Road),False,
227C,BMTCB,,K R Market -Bheemanakuppe,,3,,F53333,FFFFFF,1.0,,,,227C :K R Market -Bheemanakuppe,False,
227D,BMTCB,,K R Market -Uddanahalli,,3,,F53333,FFFFFF,1.0,,,,227D :K R Market -Uddanahalli,False,
227E,BMTCB,,K R Market -Huluvenahalli,,3,,F53333,FFFFFF,1.0,,,,227E :K R Market -Huluvenahalli,False,
227F,BMTCB,,K R Market -Chikkanahalli,,3,,F53333,FFFFFF,1.0,,,,227F :K R Market -Chikkanahalli,False,
227G,BMTCB,,K R Market -Subbarayappanapalya,,3,,F53333,FFFFFF,1.0,,,,227G :K R Market -Subbarayappanapalya,False,
227H,BMTCB,,K R Market -Kurubarapalya,,3,,F53333,FFFFFF,1.0,,,,227H :K R Market -Kurubarapalya,False,
227J,BMTCB,,K R Market -Maligondanahalli,,3,,F53333,FFFFFF,1.0,,,,227J :K R Market -Maligondanahalli,False,
227K,BMTCB,,K R Market -Basammanahalli,,3,,F53333,FFFFFF,1.0,,,,227K :K R Market -Basammanahalli,False,
227L,BMTCB,,K R Market -Allammanapalya,,3,,F53333,FFFFFF,1.0,,,,227L :K R Market -Allammanapalya,False,
227M,BMTCB,,K R Market -Magadi,,3,,F53333,FFFFFF,1.0,,,,227M :K R Market -Magadi,False,
227N,BMTCB,,K R Market -Punugumaranahalli,,3,,F53333,FFFFFF,1.0,,,,227N :K R Market -Punugumaranahalli,False,
227P,BMTCB,,Kempegowda Bus Station -Hunnigere (Mysore Road),,3,,F53333,FFFFFF,1.0,,,,227P :Kempegowda Bus Station -Hunnigere (Mysore Road),False,
227Q,BMTCB,,K R Market -Doddamarammanahalli,,3,,F53333,FFFFFF,1.0,,,,227Q :K R Market -Doddamarammanahalli,False,
227R,BMTCB,,K R Market -Bylalu (Chunchanakuppe),,3,,F53333,FFFFFF,1.0,,,,227R :K R Market -Bylalu (Chunchanakuppe),False,
227S,BMTCB,,K R Market -Gollahalli (Mysore Road),,3,,F53333,FFFFFF,1.0,,,,227S :K R Market -Gollahalli (Mysore Road),False,
227T,BMTCB,,K R Market -CK Tandya,,3,,F53333,FFFFFF,1.0,,,,227T :K R Market -CK Tandya,False,
227U,BMTCB,,K R Market -Agalahalli,,3,,F53333,FFFFFF,1.0,,,,227U :K R Market -Agalahalli,False,
227V,BMTCB,,K R Market -Chokkanahalli (Mysore Road),,3,,F53333,FFFFFF,1.0,,,,227V :K R Market -Chokkanahalli (Mysore Road),False,
227W,BMTCB,,K R Market -Avarehalli,,3,,F53333,FFFFFF,1.0,,,,227W :K R Market -Avarehalli,False,
228,BMTCB,,K R Market -Gonipura,,3,,F53333,FFFFFF,1.0,,,,228:K R Market -Gonipura,False,
228A,BMTCB,,K R Market -Parasanapalya,,3,,F53333,FFFFFF,1.0,,,,228A :K R Market -Parasanapalya,False,
228B,BMTCB,,K R Market -Thittahalli,,3,,F53333,FFFFFF,1.0,,,,228B :K R Market -Thittahalli,False,
228C,BMTCB,,K R Market -Doddakuntanahalli,,3,,F53333,FFFFFF,1.0,,,,228C :K R Market -Doddakuntanahalli,False,
228D,BMTCB,,K R Market -Kaggalipura,,3,,F53333,FFFFFF,1.0,,,,228D :K R Market -Kaggalipura,False,
228E,BMTCB,,K R Market -Tippur,,3,,F53333,FFFFFF,1.0,,,,228E :K R Market -Tippur,False,
228F,BMTCB,,K R Market -Chikkakuntanahalli,,3,,F53333,FFFFFF,1.0,,,,228F :K R Market -Chikkakuntanahalli,False,
228G,BMTCB,,K R Market -Kenchanapalya,,3,,F53333,FFFFFF,1.0,,,,228G :K R Market -Kenchanapalya,False,
229,BMTCB,,K R Market -Gaviyanapalya,,3,,F53333,FFFFFF,1.0,,,,229:K R Market -Gaviyanapalya,False,
230,BMTCB,,K R Market -Byrohalli,,3,,F53333,FFFFFF,1.0,,,,230:K R Market -Byrohalli,False,
230A,BMTCB,,K R Market -Bettanapalya,,3,,F53333,FFFFFF,1.0,,,,230A :K R Market -Bettanapalya,False,
231,BMTCB,,K R Market -Dodderi,,3,,F53333,FFFFFF,1.0,,,,231:K R Market -Dodderi,False,
231A,BMTCB,,K R Market -Avaragere,,3,,F53333,FFFFFF,1.0,,,,231A :K R Market -Avaragere,False,
231B,BMTCB,,K R Market -Bannikuppe,,3,,F53333,FFFFFF,1.0,,,,231B :K R Market -Bannikuppe,False,
231C,BMTCB,,K R Market -Muthurayanagudipalya,,3,,F53333,FFFFFF,1.0,,,,231C :K R Market -Muthurayanagudipalya,False,
231D,BMTCB,,K R Market -Bettanagere (Mysore Road),,3,,F53333,FFFFFF,1.0,,,,231D :K R Market -Bettanagere (Mysore Road),False,
231E,BMTCB,,K R Market -Ganakal,,3,,F53333,FFFFFF,1.0,,,,231E :K R Market -Ganakal,False,
231F,BMTCB,,K R Market -Kakaramanahalli,,3,,F53333,FFFFFF,1.0,,,,231F :K R Market -Kakaramanahalli,False,
231G,BMTCB,,K R Market -Kempadyapanahalli,,3,,F53333,FFFFFF,1.0,,,,231G :K R Market -Kempadyapanahalli,False,
231H,BMTCB,,K R Market -Dyavalingayyanapalya,,3,,F53333,FFFFFF,1.0,,,,231H :K R Market -Dyavalingayyanapalya,False,
231J,BMTCB,,K R Market -Guddadahalli Dinne (Bidadi),,3,,F53333,FFFFFF,1.0,,,,231J :K R Market -Guddadahalli Dinne (Bidadi),False,
234,BMTCB,,K R Market -Managanahalli,,3,,F53333,FFFFFF,1.0,,,,234:K R Market -Managanahalli,False,
234A,BMTCB,,K R Market -Ullal Satellite Town,,3,,F53333,FFFFFF,1.0,,,,234A :K R Market -Ullal Satellite Town,False,
234B,BMTCB,,Ullal Satellite Town -Marathahalli,,3,,F53333,FFFFFF,1.0,,,,234B :Ullal Satellite Town -Marathahalli,False,
234E,BMTCB,,Kempegowda Bus Station -Ullal Satellite Town,,3,,F53333,FFFFFF,1.0,,,,234E :Kempegowda Bus Station -Ullal Satellite Town,False,
235,BMTCB,,Kempegowda Bus Station -Jnana Bharathi,,3,,F53333,FFFFFF,1.0,,,,235:Kempegowda Bus Station -Jnana Bharathi,False,
235A,BMTCB,,K R Market -Nagarabhavi Village,,3,,F53333,FFFFFF,1.0,,,,235A :K R Market -Nagarabhavi Village,False,
235B,BMTCB,,Kempegowda Bus Station -Doddabasti,,3,,F53333,FFFFFF,1.0,,,,235B :Kempegowda Bus Station -Doddabasti,False,
235C,BMTCB,,Kempegowda Bus Station -Government Suburban Press,,3,,F53333,FFFFFF,1.0,,,,235C :Kempegowda Bus Station -Government Suburban Press,False,
235D,BMTCB,,Kempegowda Bus Station -Ramasandra,,3,,F53333,FFFFFF,1.0,,,,235D :Kempegowda Bus Station -Ramasandra,False,
235E,BMTCB,,Kempegowda Bus Station -Papareddypalya,,3,,F53333,FFFFFF,1.0,,,,235E :Kempegowda Bus Station -Papareddypalya,False,
235F,BMTCB,,Kempegowda Bus Station -Sports Authority of India,,3,,F53333,FFFFFF,1.0,,,,235F :Kempegowda Bus Station -Sports Authority of India,False,
235G,BMTCB,,Jayanagar 9th Block -Mallathahalli,,3,,F53333,FFFFFF,1.0,,,,235G :Jayanagar 9th Block -Mallathahalli,False,
235H,BMTCB,,Jayanagar 9th Block -Bandemaramma Temple,,3,,F53333,FFFFFF,1.0,,,,235H :Jayanagar 9th Block -Bandemaramma Temple,False,
235J,BMTCB,,Yeshwanthpur -Bharath Housing Layout,,3,,F53333,FFFFFF,1.0,,,,235J :Yeshwanthpur -Bharath Housing Layout,False,
235K,BMTCB,,Kempegowda Bus Station -Doddabasti,,3,,F53333,FFFFFF,1.0,,,,235K :Kempegowda Bus Station -Doddabasti,False,
235L,BMTCB,,K R Market -ITI Layout (Papareddypalya),,3,,F53333,FFFFFF,1.0,,,,235L :K R Market -ITI Layout (Papareddypalya),False,
236,BMTCB,,Kengeri Satellite Town -Peenya 2nd Stage,,3,,F53333,FFFFFF,1.0,,,,236:Kengeri Satellite Town -Peenya 2nd Stage,False,
237,BMTCB,,K R Market -Srinivasanagar (Magadi Road),,3,,F53333,FFFFFF,1.0,,,,237:K R Market -Srinivasanagar (Magadi Road),False,
237A,BMTCB,,Kempegowda Bus Station -Srinivasanagar (Magadi Road),,3,,F53333,FFFFFF,1.0,,,,237A :Kempegowda Bus Station -Srinivasanagar (Magadi Road),False,
238,BMTCB,,Kempegowda Bus Station -Nrupathunganagar,,3,,F53333,FFFFFF,1.0,,,,238:Kempegowda Bus Station -Nrupathunganagar,False,
238A,BMTCB,,Kempegowda Bus Station -Nagarabhavi Village,,3,,F53333,FFFFFF,1.0,,,,238A :Kempegowda Bus Station -Nagarabhavi Village,False,
238B,BMTCB,,Nrupathunganagar -Vijayanagar,,3,,F53333,FFFFFF,1.0,,,,238B :Nrupathunganagar -Vijayanagar,False,
238C,BMTCB,,Kempegowda Bus Station -Nagarabhavi 5th Block,,3,,F53333,FFFFFF,1.0,,,,238C :Kempegowda Bus Station -Nagarabhavi 5th Block,False,
238D,BMTCB,,K R Market -Nrupathunganagar,,3,,F53333,FFFFFF,1.0,,,,238D :K R Market -Nrupathunganagar,False,
238F,BMTCB,,Nagarabhavi 1st Stage 3rd Block -Malleswaram 18th Cross,,3,,F53333,FFFFFF,1.0,,,,238F :Nagarabhavi 1st Stage 3rd Block -Malleswaram 18th Cross,False,
238G,BMTCB,,Nrupathunganagar -Malleswaram 18th Cross,,3,,F53333,FFFFFF,1.0,,,,238G :Nrupathunganagar -Malleswaram 18th Cross,False,
238H,BMTCB,,Kempegowda Bus Station -Kempegowda Bus Station,,3,,F53333,FFFFFF,1.0,,,,238H :Kempegowda Bus Station -Kempegowda Bus Station,False,
238J,BMTCB,,ISRO Layout -Nagarabhavi 1st Stage,,3,,F53333,FFFFFF,1.0,,,,238J :ISRO Layout -Nagarabhavi 1st Stage,False,
238K,BMTCB,,K R Market -Bandemaramma Temple,,3,,F53333,FFFFFF,1.0,,,,238K :K R Market -Bandemaramma Temple,False,
238M,BMTCB,,Mallathahalli -Yeshwanthpur,,3,,F53333,FFFFFF,1.0,,,,238M :Mallathahalli -Yeshwanthpur,False,
238R,BMTCB,,Vijayanagar -Vijayanagar,,3,,F53333,FFFFFF,1.0,,,,238R :Vijayanagar -Vijayanagar,False,
239A,BMTCB,,Shivajinagar -BEML 5th Stage,,3,,F53333,FFFFFF,1.0,,,,239A :Shivajinagar -BEML 5th Stage,False,
239B,BMTCB,,Shivajinagar -Bangalore Childrens Hospital,,3,,F53333,FFFFFF,1.0,,,,239B :Shivajinagar -Bangalore Childrens Hospital,False,
239C,BMTCB,,Kempegowda Bus Station -Bangalore Childrens Hospital,,3,,F53333,FFFFFF,1.0,,,,239C :Kempegowda Bus Station -Bangalore Childrens Hospital,False,
239D,BMTCB,,Shivajinagar -Bangarappanagar,,3,,F53333,FFFFFF,1.0,,,,239D :Shivajinagar -Bangarappanagar,False,
240,BMTCB,,K R Market -Machohalli,,3,,F53333,FFFFFF,1.0,,,,240:K R Market -Machohalli,False,
240A,BMTCB,,Shivajinagar -Machohalli,,3,,F53333,FFFFFF,1.0,,,,240A :Shivajinagar -Machohalli,False,
240B,BMTCB,,Kempegowda Bus Station -Vigneshwaranagar,,3,,F53333,FFFFFF,1.0,,,,240B :Kempegowda Bus Station -Vigneshwaranagar,False,
240C,BMTCB,,K R Market -Kachohalli,,3,,F53333,FFFFFF,1.0,,,,240C :K R Market -Kachohalli,False,
240D,BMTCB,,Kempegowda Bus Station -Sunkadakatte,,3,,F53333,FFFFFF,1.0,,,,240D :Kempegowda Bus Station -Sunkadakatte,False,
240E,BMTCB,,K R Market -Bylakonenahalli,,3,,F53333,FFFFFF,1.0,,,,240E :K R Market -Bylakonenahalli,False,
240F,BMTCB,,K R Market -Nelamangala,,3,,F53333,FFFFFF,1.0,,,,240F :K R Market -Nelamangala,False,
240G,BMTCB,,K R Market -Mahadeshwaranagar,,3,,F53333,FFFFFF,1.0,,,,240G :K R Market -Mahadeshwaranagar,False,
240H,BMTCB,,K R Market -G Hosahalli,,3,,F53333,FFFFFF,1.0,,,,240H :K R Market -G Hosahalli,False,
240J,BMTCB,,K R Market -Chikkamaskalgrama,,3,,F53333,FFFFFF,1.0,,,,240J :K R Market -Chikkamaskalgrama,False,
240K,BMTCB,,K R Market -Biskur,,3,,F53333,FFFFFF,1.0,,,,240K :K R Market -Biskur,False,
240L,BMTCB,,K R Market -Bharathnagar,,3,,F53333,FFFFFF,1.0,,,,240L :K R Market -Bharathnagar,False,
240N,BMTCB,,K R Market -Heligehalli Colony,,3,,F53333,FFFFFF,1.0,,,,240N :K R Market -Heligehalli Colony,False,
240P,BMTCB,,Sunkadgatte-Jayanagar 9th block,,3,,F53333,FFFFFF,1.0,,,,240P:Sunkadgatte-Jayanagar 9th block,False,
241B,BMTCB,,Kempegowda Bus Station -Kenchanapura,,3,,F53333,FFFFFF,1.0,,,,241B :Kempegowda Bus Station -Kenchanapura,False,
241C,BMTCB,,K R Market -Kodigehalli (Magadi Road),,3,,F53333,FFFFFF,1.0,,,,241C :K R Market -Kodigehalli (Magadi Road),False,
241D,BMTCB,,Kempegowda Bus Station -Bharathnagar,,3,,F53333,FFFFFF,1.0,,,,241D :Kempegowda Bus Station -Bharathnagar,False,
241E,BMTCB,,Magadi Road Toll Gate -Gollarahatti,,3,,F53333,FFFFFF,1.0,,,,241E :Magadi Road Toll Gate -Gollarahatti,False,
241G,BMTCB,,K R Market -Seegehalli (Magadi Road),,3,,F53333,FFFFFF,1.0,,,,241G :K R Market -Seegehalli (Magadi Road),False,
241,BMTCB,,K R Market -Kenchanapura,,3,,F53333,FFFFFF,1.0,,,,241:K R Market -Kenchanapura,False,
241M,BMTCB,,K R Market -Savanadurga,,3,,F53333,FFFFFF,1.0,,,,241M :K R Market -Savanadurga,False,
242,BMTCB,,K R Market -Thavarekere (Magadi Road),,3,,F53333,FFFFFF,1.0,,,,242:K R Market -Thavarekere (Magadi Road),False,
242A,BMTCB,,Kempegowda Bus Station -Kamakshipalya,,3,,F53333,FFFFFF,1.0,,,,242A :Kempegowda Bus Station -Kamakshipalya,False,
242B,BMTCB,,Kempegowda Bus Station -Thavarekere (Magadi Road),,3,,F53333,FFFFFF,1.0,,,,242B :Kempegowda Bus Station -Thavarekere (Magadi Road),False,
242C,BMTCB,,K R Market -Sunkadakatte,,3,,F53333,FFFFFF,1.0,,,,242C :K R Market -Sunkadakatte,False,
242D,BMTCB,,K R Market -Annapurneshwarinagar,,3,,F53333,FFFFFF,1.0,,,,242D :K R Market -Annapurneshwarinagar,False,
242E,BMTCB,,K R Market -Cholanayakanahalli (Magadi Road),,3,,F53333,FFFFFF,1.0,,,,242E :K R Market -Cholanayakanahalli (Magadi Road),False,
242F,BMTCB,,K R Market -Yalachenahalli,,3,,F53333,FFFFFF,1.0,,,,242F :K R Market -Yalachenahalli,False,
242G,BMTCB,,K R Market -Byadarahalli,,3,,F53333,FFFFFF,1.0,,,,242G :K R Market -Byadarahalli,False,
242H,BMTCB,,K R Market -Madapatna (Magadi Road),,3,,F53333,FFFFFF,1.0,,,,242H :K R Market -Madapatna (Magadi Road),False,
242J,BMTCB,,K R Market -Doddamaranahalli,,3,,F53333,FFFFFF,1.0,,,,242J :K R Market -Doddamaranahalli,False,
242L,BMTCB,,K R Market -Manchanahalli (Magadi Road),,3,,F53333,FFFFFF,1.0,,,,242L :K R Market -Manchanahalli (Magadi Road),False,
242M,BMTCB,,K R Market -Dodderi,,3,,F53333,FFFFFF,1.0,,,,242M :K R Market -Dodderi,False,
242N,BMTCB,,K R Market -Giddenahalli (Magadi Road),,3,,F53333,FFFFFF,1.0,,,,242N :K R Market -Giddenahalli (Magadi Road),False,
242P,BMTCB,,K R Market -Huluvenahalli,,3,,F53333,FFFFFF,1.0,,,,242P :K R Market -Huluvenahalli,False,
242Q,BMTCB,,K R Market -Gangenahalli,,3,,F53333,FFFFFF,1.0,,,,242Q :K R Market -Gangenahalli,False,
242R,BMTCB,,K R Market -Jogerahalli,,3,,F53333,FFFFFF,1.0,,,,242R :K R Market -Jogerahalli,False,
242T,BMTCB,,K R Market -Hunnigere (Mysore Road),,3,,F53333,FFFFFF,1.0,,,,242T :K R Market -Hunnigere (Mysore Road),False,
242U,BMTCB,,K R Market -Lakshmipura (Magadi Road),,3,,F53333,FFFFFF,1.0,,,,242U :K R Market -Lakshmipura (Magadi Road),False,
242V,BMTCB,,K R Market -Chikkanahalli,,3,,F53333,FFFFFF,1.0,,,,242V :K R Market -Chikkanahalli,False,
242W,BMTCB,,K R Market -Kamakshipalya,,3,,F53333,FFFFFF,1.0,,,,242W :K R Market -Kamakshipalya,False,
242Y,BMTCB,,K R Market -Aralimaradapalya,,3,,F53333,FFFFFF,1.0,,,,242Y :K R Market -Aralimaradapalya,False,
242Z,BMTCB,,K R Market -Thippagondanahalli,,3,,F53333,FFFFFF,1.0,,,,242Z :K R Market -Thippagondanahalli,False,
243,BMTCB,,K R Market -Andhrahalli,,3,,F53333,FFFFFF,1.0,,,,243:K R Market -Andhrahalli,False,
243A,BMTCB,,K R Market -Muddayyanapalya,,3,,F53333,FFFFFF,1.0,,,,243A :K R Market -Muddayyanapalya,False,
243B,BMTCB,,K R Market -Tigalarapalya (Magadi Road),,3,,F53333,FFFFFF,1.0,,,,243B :K R Market -Tigalarapalya (Magadi Road),False,
243C,BMTCB,,K R Market -Tigalarapalya (Magadi Road),,3,,F53333,FFFFFF,1.0,,,,243C :K R Market -Tigalarapalya (Magadi Road),False,
243D,BMTCB,,Kempegowda Bus Station -Tigalarapalya (Magadi Road),,3,,F53333,FFFFFF,1.0,,,,243D :Kempegowda Bus Station -Tigalarapalya (Magadi Road),False,
243E,BMTCB,,K R Market -Gidada Konnenahalli,,3,,F53333,FFFFFF,1.0,,,,243E :K R Market -Gidada Konnenahalli,False,
243F,BMTCB,,Kempegowda Bus Station -Gidada Konnenahalli,,3,,F53333,FFFFFF,1.0,,,,243F :Kempegowda Bus Station -Gidada Konnenahalli,False,
243G,BMTCB,,Kempegowda Bus Station -Thippenahalli,,3,,F53333,FFFFFF,1.0,,,,243G :Kempegowda Bus Station -Thippenahalli,False,
243K,BMTCB,,K R Market -Madapatna (Magadi Road),,3,,F53333,FFFFFF,1.0,,,,243K :K R Market -Madapatna (Magadi Road),False,
243M,BMTCB,,K R Market -Sreepathihalli,,3,,F53333,FFFFFF,1.0,,,,243M :K R Market -Sreepathihalli,False,
243Q,BMTCB,,Malleswaram 18th Cross -Malleswaram 18th Cross,,3,,F53333,FFFFFF,1.0,,,,243Q :Malleswaram 18th Cross -Malleswaram 18th Cross,False,
243R,BMTCB,,Malleswaram 18th Cross -Malleswaram 18th Cross,,3,,F53333,FFFFFF,1.0,,,,243R :Malleswaram 18th Cross -Malleswaram 18th Cross,False,
244,BMTCB,,K R Market -Jnana Bharathi,,3,,F53333,FFFFFF,1.0,,,,244:K R Market -Jnana Bharathi,False,
244A,BMTCB,,K R Market -Malagala,,3,,F53333,FFFFFF,1.0,,,,244A :K R Market -Malagala,False,
244C,BMTCB,,Kempegowda Bus Station -Nagarabhavi 10th Block,,3,,F53333,FFFFFF,1.0,,,,244C:Kempegowda Bus Station -Nagarabhavi 10th Block,False,
244D,BMTCB,,Malleswaram 18th Cross -Nagarabhavi 10th Block,,3,,F53333,FFFFFF,1.0,,,,244D :Malleswaram 18th Cross -Nagarabhavi 10th Block,False,
244F,BMTCB,,Kempegowda Bus Station -ITI Layout (Papareddypalya),,3,,F53333,FFFFFF,1.0,,,,244F :Kempegowda Bus Station -ITI Layout (Papareddypalya),False,
244G,BMTCB,,Shivajinagar -Papareddypalya,,3,,F53333,FFFFFF,1.0,,,,244G :Shivajinagar -Papareddypalya,False,
244K,BMTCB,,Kempegowda Bus Station -Nagarabhavi 9th Block,,3,,F53333,FFFFFF,1.0,,,,244K :Kempegowda Bus Station -Nagarabhavi 9th Block,False,
245,BMTCB,,K R Market -Ravuthanahalli,,3,,F53333,FFFFFF,1.0,,,,245:K R Market -Ravuthanahalli,False,
245A,BMTCB,,K R Market -Nelamangala,,3,,F53333,FFFFFF,1.0,,,,245A :K R Market -Nelamangala,False,
245B,BMTCB,,K R Market -Sondekoppa,,3,,F53333,FFFFFF,1.0,,,,245B :K R Market -Sondekoppa,False,
245C,BMTCB,,K R Market -Kadabagere,,3,,F53333,FFFFFF,1.0,,,,245C :K R Market -Kadabagere,False,
245D,BMTCB,,K R Market -Bettahalli,,3,,F53333,FFFFFF,1.0,,,,245D :K R Market -Bettahalli,False,
245E,BMTCB,,K R Market -Kittanahalli,,3,,F53333,FFFFFF,1.0,,,,245E :K R Market -Kittanahalli,False,
245F,BMTCB,,K R Market -Avarehalli,,3,,F53333,FFFFFF,1.0,,,,245F :K R Market -Avarehalli,False,
245G,BMTCB,,Kempegowda Bus Station -Janapriya Township,,3,,F53333,FFFFFF,1.0,,,,245G :Kempegowda Bus Station -Janapriya Township,False,
245H,BMTCB,,K R Market -Nelamangala,,3,,F53333,FFFFFF,1.0,,,,245H :K R Market -Nelamangala,False,
245J,BMTCB,,Kempegowda Bus Station -Kittanahalli,,3,,F53333,FFFFFF,1.0,,,,245J :Kempegowda Bus Station -Kittanahalli,False,
245K,BMTCB,,Kempegowda Bus Station -Avarehalli,,3,,F53333,FFFFFF,1.0,,,,245K :Kempegowda Bus Station -Avarehalli,False,
245L,BMTCB,,K R Market -Baleveeranahalli,,3,,F53333,FFFFFF,1.0,,,,245L :K R Market -Baleveeranahalli,False,
245P,BMTCB,,Shivajinagar -Janapriya Township,,3,,F53333,FFFFFF,1.0,,,,245P :Shivajinagar -Janapriya Township,False,
245R,BMTCB,,Shivajinagar -Kittanahalli,,3,,F53333,FFFFFF,1.0,,,,245R :Shivajinagar -Kittanahalli,False,
246,BMTCB,,Kempegowda Bus Station -Annapurneshwarinagar,,3,,F53333,FFFFFF,1.0,,,,246:Kempegowda Bus Station -Annapurneshwarinagar,False,
246A,BMTCB,,Shivajinagar -Annapurneshwarinagar,,3,,F53333,FFFFFF,1.0,,,,246A :Shivajinagar -Annapurneshwarinagar,False,
246B,BMTCB,,Kempegowda Bus Station -Srigandhada Kaval,,3,,F53333,FFFFFF,1.0,,,,246B :Kempegowda Bus Station -Srigandhada Kaval,False,
247,BMTCB,,K R Market -Lakkondanahalli (Magadi Road),,3,,F53333,FFFFFF,1.0,,,,247:K R Market -Lakkondanahalli (Magadi Road),False,
247A,BMTCB,,K R Market -Vigneshwaranagar,,3,,F53333,FFFFFF,1.0,,,,247A :K R Market -Vigneshwaranagar,False,
248,BMTCB,,K R Market -Jalahalli Cross,,3,,F53333,FFFFFF,1.0,,,,248:K R Market -Jalahalli Cross,False,
248A,BMTCB,,Jalahalli Cross -Chowdeshwarinagar,,3,,F53333,FFFFFF,1.0,,,,248A :Jalahalli Cross -Chowdeshwarinagar,False,
248B,BMTCB,,Hampinagar -Chikkabanavara,,3,,F53333,FFFFFF,1.0,,,,248B :Hampinagar -Chikkabanavara,False,
248C,BMTCB,,K R Market -Rajagopalnagar Rajani Farm,,3,,F53333,FFFFFF,1.0,,,,248C :K R Market -Rajagopalnagar Rajani Farm,False,
248E,BMTCB,,Jalahalli Cross -Uttarahalli,,3,,F53333,FFFFFF,1.0,,,,248E :Jalahalli Cross -Uttarahalli,False,
248F,BMTCB,,K R Market -Kareemsab Layout,,3,,F53333,FFFFFF,1.0,,,,248F :K R Market -Kareemsab Layout,False,
248G,BMTCB,,Jalahalli Cross -Magadi Road Toll Gate,,3,,F53333,FFFFFF,1.0,,,,248G :Jalahalli Cross -Magadi Road Toll Gate,False,
248H,BMTCB,,Marathahalli -Peenya 2nd Stage,,3,,F53333,FFFFFF,1.0,,,,248H :Marathahalli -Peenya 2nd Stage,False,
248J,BMTCB,,Kempegowda Bus Station -Hesaraghatta Vinayakanagar,,3,,F53333,FFFFFF,1.0,,,,248J :Kempegowda Bus Station -Hesaraghatta Vinayakanagar,False,
248K,BMTCB,,BEML 5th Stage -MEI Layout (Bagalagunte),,3,,F53333,FFFFFF,1.0,,,,248K :BEML 5th Stage -MEI Layout (Bagalagunte),False,
248M,BMTCB,,BEML 5th Stage -Thammenahalli,,3,,F53333,FFFFFF,1.0,,,,248M :BEML 5th Stage -Thammenahalli,False,
248N,BMTCB,,MCTC Mysore Road Bus Station -Chikkabanavara,,3,,F53333,FFFFFF,1.0,,,,248N :MCTC Mysore Road Bus Station -Chikkabanavara,False,
248P,BMTCB,,MCTC Mysore Road Bus Station -Thammenahalli,,3,,F53333,FFFFFF,1.0,,,,248P :MCTC Mysore Road Bus Station -Thammenahalli,False,
248SA,BMTCB,,Jalahalli cross-Jayanagar 9th block,"Peenya 2nd stage,Sunkadgatte,K.H.B.colony,Vijayanagar,,MCTC,Chamrajapet,Basavanagudi,Netkallappa circle,South end,Ramakrishna hospital,Jayanagar 3rd and 4th block,",3,,F53333,FFFFFF,1.0,,,,248SA:Jalahalli cross-Jayanagar 9th block,False,
249,BMTCB,,Hampinagar -Peenya 2nd Stage,,3,,F53333,FFFFFF,1.0,,,,249:Hampinagar -Peenya 2nd Stage,False,
249A,BMTCB,,Hampinagar -Peenya 2nd Stage,,3,,F53333,FFFFFF,1.0,,,,249A :Hampinagar -Peenya 2nd Stage,False,
250,BMTCB,,K R Market -Chikkabanavara,,3,,F53333,FFFFFF,1.0,,,,250:K R Market -Chikkabanavara,False,
250A,BMTCB,,K R Market -Bagalagunte,,3,,F53333,FFFFFF,1.0,,,,250A :K R Market -Bagalagunte,False,
250AA,BMTCB,,K.R.Market-Chikka Banawara Rly station,,3,,F53333,FFFFFF,1.0,,,,250AA:K.R.Market-Chikka Banawara Rly station,False,
250B,BMTCB,,Kempegowda Bus Station -Thammenahalli,,3,,F53333,FFFFFF,1.0,,,,250B :Kempegowda Bus Station -Thammenahalli,False,
250C,BMTCB,,Kempegowda Bus Station -Bagalagunte,,3,,F53333,FFFFFF,1.0,,,,250C :Kempegowda Bus Station -Bagalagunte,False,
250D,BMTCB,,K R Market -Ganigarahalli,,3,,F53333,FFFFFF,1.0,,,,250D :K R Market -Ganigarahalli,False,
250E,BMTCB,,K R Market -Thammenahalli,,3,,F53333,FFFFFF,1.0,,,,250E :K R Market -Thammenahalli,False,
250F,BMTCB,,K R Market -Somashettyhalli,,3,,F53333,FFFFFF,1.0,,,,250F :K R Market -Somashettyhalli,False,
250G,BMTCB,,K R Market -Ravindranagar,,3,,F53333,FFFFFF,1.0,,,,250G :K R Market -Ravindranagar,False,
250H,BMTCB,,Kempegowda Bus Station -IAF Chimney Hills,,3,,F53333,FFFFFF,1.0,,,,250H :Kempegowda Bus Station -IAF Chimney Hills,False,
250J,BMTCB,,Kempegowda Bus Station -Thotaguddadahalli,,3,,F53333,FFFFFF,1.0,,,,250J :Kempegowda Bus Station -Thotaguddadahalli,False,
250K,BMTCB,,K R Market -Kebbepalya,,3,,F53333,FFFFFF,1.0,,,,250K :K R Market -Kebbepalya,False,
250L,BMTCB,,Kempegowda Bus Station -Ravindranagar,,3,,F53333,FFFFFF,1.0,,,,250L :Kempegowda Bus Station -Ravindranagar,False,
250M,BMTCB,,Kempegowda Bus Station -MEI Layout (Bagalagunte),,3,,F53333,FFFFFF,1.0,,,,250M :Kempegowda Bus Station -MEI Layout (Bagalagunte),False,
250N,BMTCB,,Shivajinagar -MEI Layout (Bagalagunte),,3,,F53333,FFFFFF,1.0,,,,250N :Shivajinagar -MEI Layout (Bagalagunte),False,
250P,BMTCB,,Kempegowda Bus Station -Chikkabanavara,,3,,F53333,FFFFFF,1.0,,,,250P :Kempegowda Bus Station -Chikkabanavara,False,
250Q,BMTCB,,Shivajinagar -Ravindranagar,,3,,F53333,FFFFFF,1.0,,,,250Q :Shivajinagar -Ravindranagar,False,
250R,BMTCB,,K R Market -IAF Chimney Hills,,3,,F53333,FFFFFF,1.0,,,,250R :K R Market -IAF Chimney Hills,False,
250S,BMTCB,,Kempegowda Bus Station -Geleyara Balaga Layout,,3,,F53333,FFFFFF,1.0,,,,250S :Kempegowda Bus Station -Geleyara Balaga Layout,False,
250T,BMTCB,,K R Market -Kuduregere (Tumkur Road),,3,,F53333,FFFFFF,1.0,,,,250T :K R Market -Kuduregere (Tumkur Road),False,
250V,BMTCB,,Shivajinagar -Thammenahalli,,3,,F53333,FFFFFF,1.0,,,,250V :Shivajinagar -Thammenahalli,False,
251,BMTCB,,K R Market -Shivakote,,3,,F53333,FFFFFF,1.0,,,,251:K R Market -Shivakote,False,
251A,BMTCB,,K R Market -Kakolu,,3,,F53333,FFFFFF,1.0,,,,251A :K R Market -Kakolu,False,
251B,BMTCB,,Kempegowda Bus Station -Rajanakunte (Bellary Road),,3,,F53333,FFFFFF,1.0,,,,251B :Kempegowda Bus Station -Rajanakunte (Bellary Road),False,
251C,BMTCB,,Shivajinagar -Laggere,,3,,F53333,FFFFFF,1.0,,,,251C :Shivajinagar -Laggere,False,
251D,BMTCB,,K R Market -Rajiv Gandhi Nagar,,3,,F53333,FFFFFF,1.0,,,,251D :K R Market -Rajiv Gandhi Nagar,False,
251E,BMTCB,,K R Market -Laggere,,3,,F53333,FFFFFF,1.0,,,,251E :K R Market -Laggere,False,
251F,BMTCB,,K R Market -Rajiv Gandhi Nagar,,3,,F53333,FFFFFF,1.0,,,,251F :K R Market -Rajiv Gandhi Nagar,False,
251K,BMTCB,,K R Market -Tumkur Road 8th Mile,,3,,F53333,FFFFFF,1.0,,,,251K :K R Market -Tumkur Road 8th Mile,False,
251M,BMTCB,,K R Market -Karlapura,,3,,F53333,FFFFFF,1.0,,,,251M :K R Market -Karlapura,False,
252,BMTCB,,Kempegowda Bus Station -Peenya 2nd Stage,,3,,F53333,FFFFFF,1.0,,,,252:Kempegowda Bus Station -Peenya 2nd Stage,False,
252A,BMTCB,,Shivajinagar -Peenya 2nd Stage,,3,,F53333,FFFFFF,1.0,,,,252A :Shivajinagar -Peenya 2nd Stage,False,
252B,BMTCB,,Banasawadi -Peenya 2nd Stage,,3,,F53333,FFFFFF,1.0,,,,252B :Banasawadi -Peenya 2nd Stage,False,
252C,BMTCB,,Kempegowda Bus Station -Machohalli,,3,,F53333,FFFFFF,1.0,,,,252C :Kempegowda Bus Station -Machohalli,False,
252D,BMTCB,,Kempegowda Bus Station -Rajagopalnagar Rajani Farm,,3,,F53333,FFFFFF,1.0,,,,252D :Kempegowda Bus Station -Rajagopalnagar Rajani Farm,False,
252E,BMTCB,,Kempegowda Bus Station -Laggere,,3,,F53333,FFFFFF,1.0,,,,252E :Kempegowda Bus Station -Laggere,False,
252F,BMTCB,,Kempegowda Bus Station -Peenya 2nd Stage,,3,,F53333,FFFFFF,1.0,,,,252F :Kempegowda Bus Station -Peenya 2nd Stage,False,
252G,BMTCB,,Kempegowda Bus Station -Byadarahalli,,3,,F53333,FFFFFF,1.0,,,,252G :Kempegowda Bus Station -Byadarahalli,False,
252H,BMTCB,,Kempegowda Bus Station -Rajiv Gandhi Nagar,,3,,F53333,FFFFFF,1.0,,,,252H :Kempegowda Bus Station -Rajiv Gandhi Nagar,False,
252J,BMTCB,,Bhoopasandra -Peenya 2nd Stage,,3,,F53333,FFFFFF,1.0,,,,252J :Bhoopasandra -Peenya 2nd Stage,False,
252K,BMTCB,,Shivajinagar -Kareemsab Layout,,3,,F53333,FFFFFF,1.0,,,,252K :Shivajinagar -Kareemsab Layout,False,
252L,BMTCB,,Bandireddy Circle -Peenya 2nd Stage,,3,,F53333,FFFFFF,1.0,,,,252L :Bandireddy Circle -Peenya 2nd Stage,False,
252M,BMTCB,,Marappa Garden -Peenya 2nd Stage,,3,,F53333,FFFFFF,1.0,,,,252M :Marappa Garden -Peenya 2nd Stage,False,
252N,BMTCB,,Jeevanahalli -Peenya 2nd Stage,,3,,F53333,FFFFFF,1.0,,,,252N :Jeevanahalli -Peenya 2nd Stage,False,
252P,BMTCB,,Kaval Byrasandra -Peenya 2nd Stage,,3,,F53333,FFFFFF,1.0,,,,252P :Kaval Byrasandra -Peenya 2nd Stage,False,
252R,BMTCB,,Kempegowda Bus Station -Indira Priyadarshini Nagar,,3,,F53333,FFFFFF,1.0,,,,252R :Kempegowda Bus Station -Indira Priyadarshini Nagar,False,
252T,BMTCB,,K R Market -Rajagopalnagar Rajani Farm,,3,,F53333,FFFFFF,1.0,,,,252T :K R Market -Rajagopalnagar Rajani Farm,False,
252X,BMTCB,,Muthyalanagar -Nelamangala,,3,,F53333,FFFFFF,1.0,,,,252X :Muthyalanagar -Nelamangala,False,
253,BMTCB,,K R Market -Indo Danish Farm,,3,,F53333,FFFFFF,1.0,,,,253:K R Market -Indo Danish Farm,False,
253A,BMTCB,,K R Market -Byatha,,3,,F53333,FFFFFF,1.0,,,,253A :K R Market -Byatha,False,
253C,BMTCB,,Shivajinagar -Indo Danish Farm,,3,,F53333,FFFFFF,1.0,,,,253C :Shivajinagar -Indo Danish Farm,False,
253D,BMTCB,,K R Market -Thore Nagasandra,,3,,F53333,FFFFFF,1.0,,,,253D :K R Market -Thore Nagasandra,False,
253E,BMTCB,,K R Market -Railway Gollahalli,,3,,F53333,FFFFFF,1.0,,,,253E :K R Market -Railway Gollahalli,False,
253F,BMTCB,,K R Market -Kallodu,,3,,F53333,FFFFFF,1.0,,,,253F :K R Market -Kallodu,False,
253G,BMTCB,,Kempegowda Bus Station -Kanasawadi,,3,,F53333,FFFFFF,1.0,,,,253G :Kempegowda Bus Station -Kanasawadi,False,
253J,BMTCB,,Kempegowda Bus Station -Hesaraghatta,,3,,F53333,FFFFFF,1.0,,,,253J :Kempegowda Bus Station -Hesaraghatta,False,
253K,BMTCB,,K R Market -Kodipalya,,3,,F53333,FFFFFF,1.0,,,,253K :K R Market -Kodipalya,False,
253L,BMTCB,,K R Market -Hesaraghatta Farm,,3,,F53333,FFFFFF,1.0,,,,253L :K R Market -Hesaraghatta Farm,False,
253N,BMTCB,,K R Market -Kodihalli (Hesaraghatta),,3,,F53333,FFFFFF,1.0,,,,253N :K R Market -Kodihalli (Hesaraghatta),False,
253P,BMTCB,,K R Market -Hosapalya (Tumkur Road),,3,,F53333,FFFFFF,1.0,,,,253P :K R Market -Hosapalya (Tumkur Road),False,
254,BMTCB,,K R Market -Bylakere,,3,,F53333,FFFFFF,1.0,,,,254:K R Market -Bylakere,False,
254A,BMTCB,,K R Market -Siluvepura,,3,,F53333,FFFFFF,1.0,,,,254A :K R Market -Siluvepura,False,
254C,BMTCB,,K R Market -Kalathammanahalli,,3,,F53333,FFFFFF,1.0,,,,254C :K R Market -Kalathammanahalli,False,
254D,BMTCB,,K R Market -Kempapura (Tumkur Road),,3,,F53333,FFFFFF,1.0,,,,254D :K R Market -Kempapura (Tumkur Road),False,
255,BMTCB,,K R Market -Mattahalli,,3,,F53333,FFFFFF,1.0,,,,255:K R Market -Mattahalli,False,
255A,BMTCB,,K R Market -Huskur (Tumkur Road),,3,,F53333,FFFFFF,1.0,,,,255A :K R Market -Huskur (Tumkur Road),False,
255B,BMTCB,,K R Market -Nagaroor,,3,,F53333,FFFFFF,1.0,,,,255B :K R Market -Nagaroor,False,
255C,BMTCB,,K R Market -Pillahalli,,3,,F53333,FFFFFF,1.0,,,,255C :K R Market -Pillahalli,False,
255D,BMTCB,,Kempegowda Bus Station -Huskur (Tumkur Road),,3,,F53333,FFFFFF,1.0,,,,255D :Kempegowda Bus Station -Huskur (Tumkur Road),False,
255E,BMTCB,,K R Market -Narasipura,,3,,F53333,FFFFFF,1.0,,,,255E :K R Market -Narasipura,False,
255F,BMTCB,,K R Market -Byrashettahalli,,3,,F53333,FFFFFF,1.0,,,,255F :K R Market -Byrashettahalli,False,
255G,BMTCB,,K R Market -Bettanagere (Tumkur Road),,3,,F53333,FFFFFF,1.0,,,,255G :K R Market -Bettanagere (Tumkur Road),False,
255H,BMTCB,,K R Market -Govindapura (Tumkur Road),,3,,F53333,FFFFFF,1.0,,,,255H :K R Market -Govindapura (Tumkur Road),False,
255J,BMTCB,,K R Market -Honnasandra,,3,,F53333,FFFFFF,1.0,,,,255J :K R Market -Honnasandra,False,
255K,BMTCB,,Shivajinagar -Pillahalli,,3,,F53333,FFFFFF,1.0,,,,255K :Shivajinagar -Pillahalli,False,
255M,BMTCB,,Shivajinagar -Pillahalli,,3,,F53333,FFFFFF,1.0,,,,255M :Shivajinagar -Pillahalli,False,
256A,BMTCB,,Hampinagar -Nelamangala,,3,,F53333,FFFFFF,1.0,,,,256A :Hampinagar -Nelamangala,False,
256B,BMTCB,,K R Market -Gejjagadahalli,,3,,F53333,FFFFFF,1.0,,,,256B :K R Market -Gejjagadahalli,False,
256C,BMTCB,,Kempegowda Bus Station -Muniswamappa Layout,,3,,F53333,FFFFFF,1.0,,,,256C :Kempegowda Bus Station -Muniswamappa Layout,False,
256D,BMTCB,,K R Market -Ravuthanahalli,,3,,F53333,FFFFFF,1.0,,,,256D :K R Market -Ravuthanahalli,False,
256,BMTCB,,K R Market -Thimmabovipalya,,3,,F53333,FFFFFF,1.0,,,,256:K R Market -Thimmabovipalya,False,
256M,BMTCB,,K R Market -Motaganahalli,,3,,F53333,FFFFFF,1.0,,,,256M :K R Market -Motaganahalli,False,
257,BMTCB,,K R Market -Alur,,3,,F53333,FFFFFF,1.0,,,,257:K R Market -Alur,False,
257A,BMTCB,,K R Market -Harokyatanahalli,,3,,F53333,FFFFFF,1.0,,,,257A :K R Market -Harokyatanahalli,False,
257B,BMTCB,,K R Market -Madavara Kodipalya,,3,,F53333,FFFFFF,1.0,,,,257B :K R Market -Madavara Kodipalya,False,
257C,BMTCB,,Kempegowda Bus Station -Manjunathanagar (Tumkur Road),,3,,F53333,FFFFFF,1.0,,,,257C :Kempegowda Bus Station -Manjunathanagar (Tumkur Road),False,
257D,BMTCB,,K R Market -Kuduregere (Tumkur Road),,3,,F53333,FFFFFF,1.0,,,,257D :K R Market -Kuduregere (Tumkur Road),False,
258,BMTCB,,K R Market -Nelamangala,,3,,F53333,FFFFFF,1.0,,,,258:K R Market -Nelamangala,False,
258A,BMTCB,,K R Market -Machonayakanahalli,,3,,F53333,FFFFFF,1.0,,,,258A :K R Market -Machonayakanahalli,False,
258B,BMTCB,,Kempegowda Bus Station -Nelamangala,,3,,F53333,FFFFFF,1.0,,,,258B :Kempegowda Bus Station -Nelamangala,False,
258C,BMTCB,,Kempegowda Bus Station -Nelamangala,,3,,F53333,FFFFFF,1.0,,,,258C :Kempegowda Bus Station -Nelamangala,False,
258E,BMTCB,,K R Market -Mailanahalli,,3,,F53333,FFFFFF,1.0,,,,258E :K R Market -Mailanahalli,False,
258F,BMTCB,,K R Market -Shivanapura,,3,,F53333,FFFFFF,1.0,,,,258F :K R Market -Shivanapura,False,
258G,BMTCB,,K R Market -Guruvanahalli,,3,,F53333,FFFFFF,1.0,,,,258G :K R Market -Guruvanahalli,False,
258K,BMTCB,,K R Market -Yantaganahalli,,3,,F53333,FFFFFF,1.0,,,,258K :K R Market -Yantaganahalli,False,
258L,BMTCB,,K R Market -Guruvanahalli,,3,,F53333,FFFFFF,1.0,,,,258L :K R Market -Guruvanahalli,False,
258M,BMTCB,,K R Market -Thyamagondlu,,3,,F53333,FFFFFF,1.0,,,,258M :K R Market -Thyamagondlu,False,
258N,BMTCB,,Shivajinagar -Nelamangala,,3,,F53333,FFFFFF,1.0,,,,258N :Shivajinagar -Nelamangala,False,
258P,BMTCB,,K R Market -Karigowdanahalli,,3,,F53333,FFFFFF,1.0,,,,258P :K R Market -Karigowdanahalli,False,
258Q,BMTCB,,K R Market -Hunnigere (Tumkur Road),,3,,F53333,FFFFFF,1.0,,,,258Q :K R Market -Hunnigere (Tumkur Road),False,
258R,BMTCB,,K R Market -Honnasandra,,3,,F53333,FFFFFF,1.0,,,,258R :K R Market -Honnasandra,False,
258S,BMTCB,,K R Market -Ramadevanahalli,,3,,F53333,FFFFFF,1.0,,,,258S :K R Market -Ramadevanahalli,False,
258T,BMTCB,,Kempegowda Bus Station -Kannamangala (Tumkur Road),,3,,F53333,FFFFFF,1.0,,,,258T :Kempegowda Bus Station -Kannamangala (Tumkur Road),False,
258U,BMTCB,,K R Market -Kuluve Kempanahalli,,3,,F53333,FFFFFF,1.0,,,,258U :K R Market -Kuluve Kempanahalli,False,
258V,BMTCB,,K R Market -Guruvanahalli,,3,,F53333,FFFFFF,1.0,,,,258V :K R Market -Guruvanahalli,False,
258W,BMTCB,,Kempegowda Bus Station -Jodi Thimmasandra,,3,,F53333,FFFFFF,1.0,,,,258W :Kempegowda Bus Station -Jodi Thimmasandra,False,
258X,BMTCB,,Muthyalanagar -Nelamangala,,3,,F53333,FFFFFF,1.0,,,,258X :Muthyalanagar -Nelamangala,False,
259,BMTCB,,Shivajinagar -Jalahalli East 7 Camp,,3,,F53333,FFFFFF,1.0,,,,259:Shivajinagar -Jalahalli East 7 Camp,False,
261,BMTCB,,Kempegowda Bus Station -Peenya 2nd Stage,,3,,F53333,FFFFFF,1.0,,,,261:Kempegowda Bus Station -Peenya 2nd Stage,False,
262A,BMTCB,,J P Nagar 3rd Phase -Peenya 2nd Stage,,3,,F53333,FFFFFF,1.0,,,,262A :J P Nagar 3rd Phase -Peenya 2nd Stage,False,
263,BMTCB,,K R Market -Kammasandra (Tumkur Road),,3,,F53333,FFFFFF,1.0,,,,263:K R Market -Kammasandra (Tumkur Road),False,
263A,BMTCB,,K R Market -Thippenahalli,,3,,F53333,FFFFFF,1.0,,,,263A :K R Market -Thippenahalli,False,
263B,BMTCB,,K R Market -Gangondanahalli (Tumkur Road),,3,,F53333,FFFFFF,1.0,,,,263B :K R Market -Gangondanahalli (Tumkur Road),False,
263C,BMTCB,,K R Market -Nelakadirenahalli,,3,,F53333,FFFFFF,1.0,,,,263C :K R Market -Nelakadirenahalli,False,
263D,BMTCB,,K R Market -KRS Gowda Layout,,3,,F53333,FFFFFF,1.0,,,,263D :K R Market -KRS Gowda Layout,False,
263E,BMTCB,,K R Market -Channanayakanahalli,,3,,F53333,FFFFFF,1.0,,,,263E :K R Market -Channanayakanahalli,False,
263F,BMTCB,,Kempegowda Bus Station -Byadarahalli,,3,,F53333,FFFFFF,1.0,,,,263F :Kempegowda Bus Station -Byadarahalli,False,
263G,BMTCB,,Kempegowda Bus Station -Gangondanahalli (Tumkur Road),,3,,F53333,FFFFFF,1.0,,,,263G :Kempegowda Bus Station -Gangondanahalli (Tumkur Road),False,
263H,BMTCB,,Kempegowda Bus Station -Doddabidarakallu,,3,,F53333,FFFFFF,1.0,,,,263H :Kempegowda Bus Station -Doddabidarakallu,False,
264,BMTCB,,Kempegowda Bus Station -Kempegowda Bus Station,,3,,F53333,FFFFFF,1.0,,,,264:Kempegowda Bus Station -Kempegowda Bus Station,False,
264A,BMTCB,,Kempegowda Bus Station -Kempegowda Bus Station,,3,,F53333,FFFFFF,1.0,,,,264A :Kempegowda Bus Station -Kempegowda Bus Station,False,
265,BMTCB,,Kempegowda Bus Station -Kempegowda Bus Station,,3,,F53333,FFFFFF,1.0,,,,265:Kempegowda Bus Station -Kempegowda Bus Station,False,
265A,BMTCB,,Kempegowda Bus Station -Kempegowda Bus Station,,3,,F53333,FFFFFF,1.0,,,,265A :Kempegowda Bus Station -Kempegowda Bus Station,False,
265B,BMTCB,,Kempegowda Bus Station -Tigalarapalya (Magadi Road),,3,,F53333,FFFFFF,1.0,,,,265B :Kempegowda Bus Station -Tigalarapalya (Magadi Road),False,
265D,BMTCB,,Kempegowda Bus Station -Vigneshwaranagar,,3,,F53333,FFFFFF,1.0,,,,265D :Kempegowda Bus Station -Vigneshwaranagar,False,
266,BMTCB,,K R Market -Indo Danish Farm,,3,,F53333,FFFFFF,1.0,,,,266:K R Market -Indo Danish Farm,False,
266A,BMTCB,,K R Market -Muthkur (Hesaraghatta),,3,,F53333,FFFFFF,1.0,,,,266A :K R Market -Muthkur (Hesaraghatta),False,
266B,BMTCB,,K R Market -Mylappanahalli,,3,,F53333,FFFFFF,1.0,,,,266B :K R Market -Mylappanahalli,False,
266C,BMTCB,,K R Market -Kakolu,,3,,F53333,FFFFFF,1.0,,,,266C :K R Market -Kakolu,False,
266D,BMTCB,,K R Market -Hesaraghatta,,3,,F53333,FFFFFF,1.0,,,,266D :K R Market -Hesaraghatta,False,
266E,BMTCB,,K R Market -Madhugirihalli,,3,,F53333,FFFFFF,1.0,,,,266E :K R Market -Madhugirihalli,False,
266F,BMTCB,,K R Market -Guni Agrahara,,3,,F53333,FFFFFF,1.0,,,,266F :K R Market -Guni Agrahara,False,
266G,BMTCB,,K R Market -Muthugadahalli (Hesaraghatta),,3,,F53333,FFFFFF,1.0,,,,266G :K R Market -Muthugadahalli (Hesaraghatta),False,
266H,BMTCB,,Kempegowda Bus Station -Marasandra (Hesaraghatta),,3,,F53333,FFFFFF,1.0,,,,266H :Kempegowda Bus Station -Marasandra (Hesaraghatta),False,
266J,BMTCB,,Shivajinagar -Siluvepura,,3,,F53333,FFFFFF,1.0,,,,266J :Shivajinagar -Siluvepura,False,
266K,BMTCB,,K R Market -Madappanahalli (Yelahanka),,3,,F53333,FFFFFF,1.0,,,,266K :K R Market -Madappanahalli (Yelahanka),False,
266M,BMTCB,,K R Market -Kondashettyhalli,,3,,F53333,FFFFFF,1.0,,,,266M :K R Market -Kondashettyhalli,False,
267,BMTCB,,K R Market -Laggere,,3,,F53333,FFFFFF,1.0,,,,267:K R Market -Laggere,False,
267A,BMTCB,,Kempegowda Bus Station -Chowdeshwarinagar,,3,,F53333,FFFFFF,1.0,,,,267A :Kempegowda Bus Station -Chowdeshwarinagar,False,
267B,BMTCB,,Shivajinagar -Chowdeshwarinagar,,3,,F53333,FFFFFF,1.0,,,,267B :Shivajinagar -Chowdeshwarinagar,False,
268,BMTCB,,K R Market -Yelahanka Satellite Town,,3,,F53333,FFFFFF,1.0,,,,268:K R Market -Yelahanka Satellite Town,False,
268E,BMTCB,,K R Market -Yelahanka,,3,,F53333,FFFFFF,1.0,,,,268E :K R Market -Yelahanka,False,
269,BMTCB,,Kempegowda Bus Station -Ramachandrapura,,3,,F53333,FFFFFF,1.0,,,,269:Kempegowda Bus Station -Ramachandrapura,False,
269A,BMTCB,,K R Market -Ramachandrapura,,3,,F53333,FFFFFF,1.0,,,,269A :K R Market -Ramachandrapura,False,
269B,BMTCB,,Kempegowda Bus Station -Vidyaranyapura,,3,,F53333,FFFFFF,1.0,,,,269B :Kempegowda Bus Station -Vidyaranyapura,False,
270,BMTCB,,Shivajinagar -Anchepalya (Tumkur Road),,3,,F53333,FFFFFF,1.0,,,,270:Shivajinagar -Anchepalya (Tumkur Road),False,
270A,BMTCB,,Shivajinagar -Jalahalli Cross,,3,,F53333,FFFFFF,1.0,,,,270A :Shivajinagar -Jalahalli Cross,False,
270C,BMTCB,,Shivajinagar -Jalahalli,,3,,F53333,FFFFFF,1.0,,,,270C :Shivajinagar -Jalahalli,False,
270D,BMTCB,,Shivajinagar -Abbigere,,3,,F53333,FFFFFF,1.0,,,,270D :Shivajinagar -Abbigere,False,
270E,BMTCB,,Shivajinagar -Muthyalanagar,,3,,F53333,FFFFFF,1.0,,,,270E :Shivajinagar -Muthyalanagar,False,
270HA,BMTCB,,Jayanagar 9th block -HMT Auditorium,,3,,F53333,FFFFFF,1.0,,,,270HA:Jayanagar 9th block -HMT Auditorium,False,
271,BMTCB,,Kempegowda Bus Station -Jalahalli East DRDO 2nd Phase,,3,,F53333,FFFFFF,1.0,,,,271:Kempegowda Bus Station -Jalahalli East DRDO 2nd Phase,False,
271A,BMTCB,,Kempegowda Bus Station -Abbigere,,3,,F53333,FFFFFF,1.0,,,,271A :Kempegowda Bus Station -Abbigere,False,
271B,BMTCB,,Kempegowda Bus Station -Kuvempunagar 2nd Phase,,3,,F53333,FFFFFF,1.0,,,,271B :Kempegowda Bus Station -Kuvempunagar 2nd Phase,False,
271C,BMTCB,,Kempegowda Bus Station -Singapura,,3,,F53333,FFFFFF,1.0,,,,271C :Kempegowda Bus Station -Singapura,False,
271D,BMTCB,,Kempegowda Bus Station -Jalahalli,,3,,F53333,FFFFFF,1.0,,,,271D :Kempegowda Bus Station -Jalahalli,False,
271E,BMTCB,,Kempegowda Bus Station -Veerasagara,,3,,F53333,FFFFFF,1.0,,,,271E :Kempegowda Bus Station -Veerasagara,False,
271F,BMTCB,,K R Market -Chikkabanavara,,3,,F53333,FFFFFF,1.0,,,,271F :K R Market -Chikkabanavara,False,
271G,BMTCB,,Kempegowda Bus Station -Somashettyhalli,,3,,F53333,FFFFFF,1.0,,,,271G :Kempegowda Bus Station -Somashettyhalli,False,
271H,BMTCB,,Kempegowda Bus Station -Yelahanka,,3,,F53333,FFFFFF,1.0,,,,271H :Kempegowda Bus Station -Yelahanka,False,
271J,BMTCB,,K R Market -Jalahalli,,3,,F53333,FFFFFF,1.0,,,,271J :K R Market -Jalahalli,False,
271K,BMTCB,,Kempegowda Bus Station -Muthyalanagar,,3,,F53333,FFFFFF,1.0,,,,271K :Kempegowda Bus Station -Muthyalanagar,False,
271M,BMTCB,,K R Market -Jalahalli East 7 Camp,,3,,F53333,FFFFFF,1.0,,,,271M :K R Market -Jalahalli East 7 Camp,False,
271Q,BMTCB,,Yeshwanthpur -Yeshwanthpur,,3,,F53333,FFFFFF,1.0,,,,271Q :Yeshwanthpur -Yeshwanthpur,False,
271R,BMTCB,,Yeshwanthpur -Yeshwanthpur,,3,,F53333,FFFFFF,1.0,,,,271R :Yeshwanthpur -Yeshwanthpur,False,
272,BMTCB,,Shivajinagar -Muthkur (Hesaraghatta),,3,,F53333,FFFFFF,1.0,,,,272:Shivajinagar -Muthkur (Hesaraghatta),False,
272A,BMTCB,,Shivajinagar -M S Palya,,3,,F53333,FFFFFF,1.0,,,,272A :Shivajinagar -M S Palya,False,
272E,BMTCB,,Shivajinagar -Singapura,,3,,F53333,FFFFFF,1.0,,,,272E :Shivajinagar -Singapura,False,
273,BMTCB,,Kempegowda Bus Station -Peenya 2nd Stage,,3,,F53333,FFFFFF,1.0,,,,273:Kempegowda Bus Station -Peenya 2nd Stage,False,
273B,BMTCB,,Kempegowda Bus Station -Medarahalli,,3,,F53333,FFFFFF,1.0,,,,273B :Kempegowda Bus Station -Medarahalli,False,
273C,BMTCB,,Kempegowda Bus Station -Jalahalli Cross,,3,,F53333,FFFFFF,1.0,,,,273C :Kempegowda Bus Station -Jalahalli Cross,False,
273D,BMTCB,,Kempegowda Bus Station -Peenya 2nd Stage,,3,,F53333,FFFFFF,1.0,,,,273D :Kempegowda Bus Station -Peenya 2nd Stage,False,
273F,BMTCB,,Kempegowda Bus Station -Jalahalli Cross,,3,,F53333,FFFFFF,1.0,,,,273F :Kempegowda Bus Station -Jalahalli Cross,False,
275,BMTCB,,K R Market -HMT Watch Factory,,3,,F53333,FFFFFF,1.0,,,,275:K R Market -HMT Watch Factory,False,
275A,BMTCB,,Kempegowda Bus Station -Kempegowda Bus Station,,3,,F53333,FFFFFF,1.0,,,,275A :Kempegowda Bus Station -Kempegowda Bus Station,False,
275B,BMTCB,,Kempegowda Bus Station -Kempegowda Bus Station,,3,,F53333,FFFFFF,1.0,,,,275B :Kempegowda Bus Station -Kempegowda Bus Station,False,
275C,BMTCB,,Kempegowda Bus Station -ISRO Quarters,,3,,F53333,FFFFFF,1.0,,,,275C :Kempegowda Bus Station -ISRO Quarters,False,
275D,BMTCB,,Kempegowda Bus Station -Vidyaranyapura,,3,,F53333,FFFFFF,1.0,,,,275D :Kempegowda Bus Station -Vidyaranyapura,False,
276,BMTCB,,Kempegowda Bus Station -Vidyaranyapura,,3,,F53333,FFFFFF,1.0,,,,276:Kempegowda Bus Station -Vidyaranyapura,False,
276A,BMTCB,,Shivajinagar -Vidyaranyapura,,3,,F53333,FFFFFF,1.0,,,,276A :Shivajinagar -Vidyaranyapura,False,
276C,BMTCB,,Kempegowda Bus Station -Lottegollahalli,,3,,F53333,FFFFFF,1.0,,,,276C :Kempegowda Bus Station -Lottegollahalli,False,
276D,BMTCB,,K R Market -Lottegollahalli,,3,,F53333,FFFFFF,1.0,,,,276D :K R Market -Lottegollahalli,False,
276E,BMTCB,,K R Market -Vidyaranyapura,,3,,F53333,FFFFFF,1.0,,,,276E :K R Market -Vidyaranyapura,False,
276J,BMTCB,,Kempegowda Bus Station -Yelahanka,,3,,F53333,FFFFFF,1.0,,,,276J :Kempegowda Bus Station -Yelahanka,False,
276K,BMTCB,,K R Market -Tatanagar,,3,,F53333,FFFFFF,1.0,,,,276K :K R Market -Tatanagar,False,
276M,BMTCB,,Vidyaranyapura-Shantinagar bus stand,,3,,F53333,FFFFFF,1.0,,,,276M:Vidyaranyapura-Shantinagar bus stand,False,
276N,BMTCB,,Naidu Layout (Chikkalasandra) -Vidyaranyapura,,3,,F53333,FFFFFF,1.0,,,,276N :Naidu Layout (Chikkalasandra) -Vidyaranyapura,False,
276Q,BMTCB,,Vidyaranyapura-Vidyaranyapura,"Hebbal, BEL circle",3,,F53333,FFFFFF,1.0,,,,276Q:Vidyaranyapura-Vidyaranyapura,False,
276R,BMTCB,,Vidyaranyapura- Vidyaranyapura,,3,,F53333,FFFFFF,1.0,,,,276R:Vidyaranyapura- Vidyaranyapura,False,
277,BMTCB,,Kempegowda Bus Station -GKVK,,3,,F53333,FFFFFF,1.0,,,,277:Kempegowda Bus Station -GKVK,False,
278,BMTCB,,Shivajinagar -Nagashettyhalli,,3,,F53333,FFFFFF,1.0,,,,278:Shivajinagar -Nagashettyhalli,False,
278A,BMTCB,,Shivajinagar -Tatanagar,,3,,F53333,FFFFFF,1.0,,,,278A :Shivajinagar -Tatanagar,False,
278B,BMTCB,,Jeevanabhimanagar -Nagashettyhalli,,3,,F53333,FFFFFF,1.0,,,,278B :Jeevanabhimanagar -Nagashettyhalli,False,
278D,BMTCB,,Shivajinagar -Bhoopasandra,,3,,F53333,FFFFFF,1.0,,,,278D :Shivajinagar -Bhoopasandra,False,
278E,BMTCB,,Shivajinagar -Bhoopasandra,,3,,F53333,FFFFFF,1.0,,,,278E :Shivajinagar -Bhoopasandra,False,
278K,BMTCB,,Shivajinagar -Patelappa Layout,,3,,F53333,FFFFFF,1.0,,,,278K :Shivajinagar -Patelappa Layout,False,
279,BMTCB,,Kempegowda Bus Station -Nagashettyhalli,,3,,F53333,FFFFFF,1.0,,,,279:Kempegowda Bus Station -Nagashettyhalli,False,
279A,BMTCB,,K R Market -Bhoopasandra,,3,,F53333,FFFFFF,1.0,,,,279A :K R Market -Bhoopasandra,False,
279B,BMTCB,,K R Market -Vishwanatha Nagenahalli,,3,,F53333,FFFFFF,1.0,,,,279B :K R Market -Vishwanatha Nagenahalli,False,
279C,BMTCB,,Kempegowda Bus Station -Tatanagar,,3,,F53333,FFFFFF,1.0,,,,279C :Kempegowda Bus Station -Tatanagar,False,
279E,BMTCB,,Kempegowda Bus Station -Bhoopasandra,,3,,F53333,FFFFFF,1.0,,,,279E :Kempegowda Bus Station -Bhoopasandra,False,
279F,BMTCB,,Chikkalasandra -Bhoopasandra,,3,,F53333,FFFFFF,1.0,,,,279F :Chikkalasandra -Bhoopasandra,False,
279G,BMTCB,,Hampinagar -Bhoopasandra,,3,,F53333,FFFFFF,1.0,,,,279G :Hampinagar -Bhoopasandra,False,
279J,BMTCB,,Chikkalasandra Sarigenagar -Bhoopasandra,,3,,F53333,FFFFFF,1.0,,,,279J :Chikkalasandra Sarigenagar -Bhoopasandra,False,
279K,BMTCB,,Kempegowda Bus Station -Patelappa Layout,,3,,F53333,FFFFFF,1.0,,,,279K :Kempegowda Bus Station -Patelappa Layout,False,
279R,BMTCB,,Mekhri Circle -Mekhri Circle,,3,,F53333,FFFFFF,1.0,,,,279R :Mekhri Circle -Mekhri Circle,False,
280,BMTCB,,K R Market -Bellahalli,,3,,F53333,FFFFFF,1.0,,,,280:K R Market -Bellahalli,False,
280A,BMTCB,,K R Market -Agrahara Layout,,3,,F53333,FFFFFF,1.0,,,,280A :K R Market -Agrahara Layout,False,
280B,BMTCB,,Yelahanka Satellite Town 5th Phase -Hosakote,,3,,F53333,FFFFFF,1.0,,,,280B :Yelahanka Satellite Town 5th Phase -Hosakote,False,
280C,BMTCB,,K R Market -Maruthinagar (Bellary Road),,3,,F53333,FFFFFF,1.0,,,,280C :K R Market -Maruthinagar (Bellary Road),False,
280D,BMTCB,,Shivajinagar -Yelahanka,,3,,F53333,FFFFFF,1.0,,,,280D :Shivajinagar -Yelahanka,False,
280E,BMTCB,,K R Market -Kannur,,3,,F53333,FFFFFF,1.0,,,,280E :K R Market -Kannur,False,
280F,BMTCB,,Yelahanka -Hosakote,,3,,F53333,FFFFFF,1.0,,,,280F :Yelahanka -Hosakote,False,
280J,BMTCB,,Kempegowda Bus Station -Agrahara Layout,,3,,F53333,FFFFFF,1.0,,,,280J :Kempegowda Bus Station -Agrahara Layout,False,
280K,BMTCB,,K R Market -Metaganahalli,,3,,F53333,FFFFFF,1.0,,,,280K :K R Market -Metaganahalli,False,
281,BMTCB,,K R Market -Shettyhalli (Bellary Road),,3,,F53333,FFFFFF,1.0,,,,281:K R Market -Shettyhalli (Bellary Road),False,
281B,BMTCB,,Rajmahal Guttahalli -Chikkajala,,3,,F53333,FFFFFF,1.0,,,,281B :Rajmahal Guttahalli -Chikkajala,False,
281C,BMTCB,,K R Market -IAF,,3,,F53333,FFFFFF,1.0,,,,281C :K R Market -IAF,False,
281F,BMTCB,,Kempegowda Bus Station -Begur (Bellary Road),,3,,F53333,FFFFFF,1.0,,,,281F :Kempegowda Bus Station -Begur (Bellary Road),False,
282,BMTCB,,K R Market -Huthanahalli,,3,,F53333,FFFFFF,1.0,,,,282:K R Market -Huthanahalli,False,
282A,BMTCB,,K R Market -Hosahalli,,3,,F53333,FFFFFF,1.0,,,,282A :K R Market -Hosahalli,False,
282B,BMTCB,,K R Market -Meesaganahalli,,3,,F53333,FFFFFF,1.0,,,,282B :K R Market -Meesaganahalli,False,
282C,BMTCB,,K R Market -Razakpalya,,3,,F53333,FFFFFF,1.0,,,,282C :K R Market -Razakpalya,False,
282D,BMTCB,,K R Market -Billamaranahalli,,3,,F53333,FFFFFF,1.0,,,,282D :K R Market -Billamaranahalli,False,
282E,BMTCB,,Shivajinagar -Uttanahalli,,3,,F53333,FFFFFF,1.0,,,,282E :Shivajinagar -Uttanahalli,False,
283,BMTCB,,K R Market -Bettahalasur,,3,,F53333,FFFFFF,1.0,,,,283:K R Market -Bettahalasur,False,
283A,BMTCB,,K R Market -Suggatta,,3,,F53333,FFFFFF,1.0,,,,283A :K R Market -Suggatta,False,
283B,BMTCB,,K R Market -Kuduregere (Bellary Road),,3,,F53333,FFFFFF,1.0,,,,283B :K R Market -Kuduregere (Bellary Road),False,
283E,BMTCB,,K R Market -Tarahunase,,3,,F53333,FFFFFF,1.0,,,,283E :K R Market -Tarahunase,False,
283M,BMTCB,,K R Market -Thindlu (Bellary Road),,3,,F53333,FFFFFF,1.0,,,,283M :K R Market -Thindlu (Bellary Road),False,
284,BMTCB,,K R Market -Yelahanka,,3,,F53333,FFFFFF,1.0,,,,284:K R Market -Yelahanka,False,
284A,BMTCB,,K R Market -Yelahanka Satellite Town,,3,,F53333,FFFFFF,1.0,,,,284A :K R Market -Yelahanka Satellite Town,False,
284B,BMTCB,,Shivajinagar -Puttenahalli (Yelahanka),,3,,F53333,FFFFFF,1.0,,,,284B :Shivajinagar -Puttenahalli (Yelahanka),False,
284C,BMTCB,,Kempegowda Bus Station -Judicial Layout,,3,,F53333,FFFFFF,1.0,,,,284C :Kempegowda Bus Station -Judicial Layout,False,
284D,BMTCB,,Kempegowda Bus Station -Yelahanka Satellite Town,,3,,F53333,FFFFFF,1.0,,,,284D :Kempegowda Bus Station -Yelahanka Satellite Town,False,
284E,BMTCB,,Kempegowda Bus Station -Allalasandra,,3,,F53333,FFFFFF,1.0,,,,284E :Kempegowda Bus Station -Allalasandra,False,
284F,BMTCB,,K R Market -Chikkabommasandra,,3,,F53333,FFFFFF,1.0,,,,284F :K R Market -Chikkabommasandra,False,
284G,BMTCB,,Shivajinagar -Kendriya Vihar,,3,,F53333,FFFFFF,1.0,,,,284G :Shivajinagar -Kendriya Vihar,False,
284J,BMTCB,,Kempegowda Bus Station -Kamakshi Layout,,3,,F53333,FFFFFF,1.0,,,,284J :Kempegowda Bus Station -Kamakshi Layout,False,
285,BMTCB,,K R Market -Tarahunase,,3,,F53333,FFFFFF,1.0,,,,285:K R Market -Tarahunase,False,
285A,BMTCB,,K R Market -Nagadasanahalli,,3,,F53333,FFFFFF,1.0,,,,285A :K R Market -Nagadasanahalli,False,
285AA,BMTCB,,Kempegowda Bus station- Rajanakunte,,3,,F53333,FFFFFF,1.0,,,,285AA:Kempegowda Bus station- Rajanakunte,False,
285B,BMTCB,,K R Market -Ramagondanahalli (Bellary Road),,3,,F53333,FFFFFF,1.0,,,,285B :K R Market -Ramagondanahalli (Bellary Road),False,
285C,BMTCB,,K R Market -Dodda Tumkur,,3,,F53333,FFFFFF,1.0,,,,285C :K R Market -Dodda Tumkur,False,
285D,BMTCB,,K R Market -Linganahalli,,3,,F53333,FFFFFF,1.0,,,,285D :K R Market -Linganahalli,False,
285E,BMTCB,,K R Market -Kakolu,,3,,F53333,FFFFFF,1.0,,,,285E :K R Market -Kakolu,False,
285F,BMTCB,,K R Market -Byrapura,,3,,F53333,FFFFFF,1.0,,,,285F :K R Market -Byrapura,False,
285G,BMTCB,,K R Market -Budamanahalli,,3,,F53333,FFFFFF,1.0,,,,285G :K R Market -Budamanahalli,False,
285H,BMTCB,,K R Market -Chokkanahalli (Bellary Road),,3,,F53333,FFFFFF,1.0,,,,285H :K R Market -Chokkanahalli (Bellary Road),False,
285J,BMTCB,,K R Market -Jalige,,3,,F53333,FFFFFF,1.0,,,,285J :K R Market -Jalige,False,
285K,BMTCB,,K R Market -Sadenahalli,,3,,F53333,FFFFFF,1.0,,,,285K :K R Market -Sadenahalli,False,
285L,BMTCB,,K R Market -Byatha,,3,,F53333,FFFFFF,1.0,,,,285L :K R Market -Byatha,False,
285M,BMTCB,,Cauvery bhavan -Doddaballapura,,3,,F53333,FFFFFF,1.0,,,,285M :Cauvery bhavan -Doddaballapura,False,
285MK,BMTCB,,K.R.Market-Doddaballapura,,3,,F53333,FFFFFF,1.0,,,,285MK:K.R.Market-Doddaballapura,False,
285N,BMTCB,,K R Market -Tarahunase,,3,,F53333,FFFFFF,1.0,,,,285N :K R Market -Tarahunase,False,
285P,BMTCB,,K R Market -Bettanahalli,,3,,F53333,FFFFFF,1.0,,,,285P :K R Market -Bettanahalli,False,
285R,BMTCB,,K R Market -Challahalli,,3,,F53333,FFFFFF,1.0,,,,285R :K R Market -Challahalli,False,
285S,BMTCB,,K R Market -Adda Vishwanathapura,,3,,F53333,FFFFFF,1.0,,,,285S :K R Market -Adda Vishwanathapura,False,
285T,BMTCB,,K R Market -Chokkanahalli (Bellary Road),,3,,F53333,FFFFFF,1.0,,,,285T :K R Market -Chokkanahalli (Bellary Road),False,
285V,BMTCB,,Shivajinagar -Honnenahalli,,3,,F53333,FFFFFF,1.0,,,,285V :Shivajinagar -Honnenahalli,False,
285W,BMTCB,,K R Market -Dibbur,,3,,F53333,FFFFFF,1.0,,,,285W :K R Market -Dibbur,False,
285X,BMTCB,,K R Market -Dibbur,,3,,F53333,FFFFFF,1.0,,,,285X :K R Market -Dibbur,False,
285Z,BMTCB,,K R Market -Suradenapura,,3,,F53333,FFFFFF,1.0,,,,285Z :K R Market -Suradenapura,False,
286,BMTCB,,K R Market -Jakkur,,3,,F53333,FFFFFF,1.0,,,,286:K R Market -Jakkur,False,
286A,BMTCB,,K R Market -Jakkur Layout,,3,,F53333,FFFFFF,1.0,,,,286A :K R Market -Jakkur Layout,False,
286B,BMTCB,,K R Market -Chokkanahalli (Bellary Road),,3,,F53333,FFFFFF,1.0,,,,286B :K R Market -Chokkanahalli (Bellary Road),False,
286D,BMTCB,,K R Market -Srirampura (Bellary Road),,3,,F53333,FFFFFF,1.0,,,,286D :K R Market -Srirampura (Bellary Road),False,
287B,BMTCB,,Shivajinagar -Amarajyothinagar,,3,,F53333,FFFFFF,1.0,,,,287B :Shivajinagar -Amarajyothinagar,False,
287C,BMTCB,,K R Market -Hebbala Kempapura,,3,,F53333,FFFFFF,1.0,,,,287C :K R Market -Hebbala Kempapura,False,
287D,BMTCB,,K R Market -Vishwanatha Nagenahalli,,3,,F53333,FFFFFF,1.0,,,,287D :K R Market -Vishwanatha Nagenahalli,False,
287E,BMTCB,,Kempegowda Bus Station -Cholanayakanahalli (Bellary Road),,3,,F53333,FFFFFF,1.0,,,,287E :Kempegowda Bus Station -Cholanayakanahalli (Bellary Road),False,
287F,BMTCB,,Shivajinagar -Chamundinagar,,3,,F53333,FFFFFF,1.0,,,,287F :Shivajinagar -Chamundinagar,False,
287G,BMTCB,,Shivajinagar -Coffee Board Layout,,3,,F53333,FFFFFF,1.0,,,,287G :Shivajinagar -Coffee Board Layout,False,
287H,BMTCB,,K R Market -Mariyappanapalya (Bellary Road),,3,,F53333,FFFFFF,1.0,,,,287H :K R Market -Mariyappanapalya (Bellary Road),False,
287J,BMTCB,,Kempegowda Bus Station -Chamundinagar,,3,,F53333,FFFFFF,1.0,,,,287J :Kempegowda Bus Station -Chamundinagar,False,
287K,BMTCB,,Shivajinagar -Amarajyothinagar,,3,,F53333,FFFFFF,1.0,,,,287K :Shivajinagar -Amarajyothinagar,False,
287M,BMTCB,,Konanakunte Bank Colony -Hebbal,,3,,F53333,FFFFFF,1.0,,,,287M :Konanakunte Bank Colony -Hebbal,False,
287N,BMTCB,,Shivajinagar -Vishwanatha Nagenahalli,,3,,F53333,FFFFFF,1.0,,,,287N :Shivajinagar -Vishwanatha Nagenahalli,False,
287P,BMTCB,,Shivajinagar -Chamundinagar,,3,,F53333,FFFFFF,1.0,,,,287P :Shivajinagar -Chamundinagar,False,
287Q,BMTCB,,Shivajinagar -Bhoopasandra,,3,,F53333,FFFFFF,1.0,,,,287Q :Shivajinagar -Bhoopasandra,False,
287R,BMTCB,,Cantonment Railway Station -Cantonment Railway Station,,3,,F53333,FFFFFF,1.0,,,,287R :Cantonment Railway Station -Cantonment Railway Station,False,
288,BMTCB,,K R Market -Thindlu (Bellary Road),,3,,F53333,FFFFFF,1.0,,,,288:K R Market -Thindlu (Bellary Road),False,
288A,BMTCB,,Shivajinagar -Kodigehalli (Bellary Road),,3,,F53333,FFFFFF,1.0,,,,288A :Shivajinagar -Kodigehalli (Bellary Road),False,
288C,BMTCB,,K R Market -Kodigehalli (Bellary Road),,3,,F53333,FFFFFF,1.0,,,,288C :K R Market -Kodigehalli (Bellary Road),False,
288D,BMTCB,,Kempegowda Bus Station -Kodigehalli (Bellary Road),,3,,F53333,FFFFFF,1.0,,,,288D :Kempegowda Bus Station -Kodigehalli (Bellary Road),False,
288E,BMTCB,,Shivajinagar -Vidyaranyapura,,3,,F53333,FFFFFF,1.0,,,,288E :Shivajinagar -Vidyaranyapura,False,
288F,BMTCB,,Kempegowda Bus Station -Sahakaranagar,,3,,F53333,FFFFFF,1.0,,,,288F :Kempegowda Bus Station -Sahakaranagar,False,
288M,BMTCB,,Kempegowda Bus station- Vidyaranyapura,,3,,F53333,FFFFFF,1.0,,,,288M:Kempegowda Bus station- Vidyaranyapura,False,
288G,BMTCB,,Kempegowda Bus Station -Kodigehalli Canara Bank Colony,,3,,F53333,FFFFFF,1.0,,,,288G :Kempegowda Bus Station -Kodigehalli Canara Bank Colony,False,
289,BMTCB,,K R Market -Bagalur,,3,,F53333,FFFFFF,1.0,,,,289:K R Market -Bagalur,False,
289B,BMTCB,,K R Market -Hunsur,,3,,F53333,FFFFFF,1.0,,,,289B :K R Market -Hunsur,False,
289C,BMTCB,,K R Market -Huvinayakanahalli,,3,,F53333,FFFFFF,1.0,,,,289C :K R Market -Huvinayakanahalli,False,
289E,BMTCB,,K R Market -Chokkanahalli (Bellary Road),,3,,F53333,FFFFFF,1.0,,,,289E :K R Market -Chokkanahalli (Bellary Road),False,
289F,BMTCB,,Yelahanka -Hosakote,,3,,F53333,FFFFFF,1.0,,,,289F :Yelahanka -Hosakote,False,
289H,BMTCB,,Yelahanka -Hosakote,,3,,F53333,FFFFFF,1.0,,,,289H :Yelahanka -Hosakote,False,
289J,BMTCB,,Yeshwanthpur Regulated Market -Bagalur,,3,,F53333,FFFFFF,1.0,,,,289J :Yeshwanthpur Regulated Market -Bagalur,False,
289K,BMTCB,,K R Market -Bandakodigenahalli,,3,,F53333,FFFFFF,1.0,,,,289K :K R Market -Bandakodigenahalli,False,
290,BMTCB,,Shivajinagar -Thanisandra,,3,,F53333,FFFFFF,1.0,,,,290:Shivajinagar -Thanisandra,False,
290A,BMTCB,,Shivajinagar -Rachenahalli,,3,,F53333,FFFFFF,1.0,,,,290A :Shivajinagar -Rachenahalli,False,
290B,BMTCB,,Kempegowda Bus Station -Thanisandra,,3,,F53333,FFFFFF,1.0,,,,290B :Kempegowda Bus Station -Thanisandra,False,
290C,BMTCB,,Shivajinagar -Nagavara,,3,,F53333,FFFFFF,1.0,,,,290C :Shivajinagar -Nagavara,False,
290D,BMTCB,,Kempegowda Bus Station -Ambedkar Medical College,,3,,F53333,FFFFFF,1.0,,,,290D :Kempegowda Bus Station -Ambedkar Medical College,False,
290E,BMTCB,,Shivajinagar -Yelahanka,,3,,F53333,FFFFFF,1.0,,,,290E :Shivajinagar -Yelahanka,False,
290F,BMTCB,,Shivajinagar -Agrahara Layout,,3,,F53333,FFFFFF,1.0,,,,290F :Shivajinagar -Agrahara Layout,False,
290G,BMTCB,,Shivajinagar -Vidyasagara,,3,,F53333,FFFFFF,1.0,,,,290G :Shivajinagar -Vidyasagara,False,
290H,BMTCB,,Shivajinagar -HBR Layout 2nd Block,,3,,F53333,FFFFFF,1.0,,,,290H :Shivajinagar -HBR Layout 2nd Block,False,
290J,BMTCB,,Kempegowda Bus Station -Mestripalya,,3,,F53333,FFFFFF,1.0,,,,290J :Kempegowda Bus Station -Mestripalya,False,
290K,BMTCB,,Shivajinagar -Ambedkar Medical College,,3,,F53333,FFFFFF,1.0,,,,290K :Shivajinagar -Ambedkar Medical College,False,
290L,BMTCB,,Shivajinagar -Hilalnagar HBR 1st Stage,,3,,F53333,FFFFFF,1.0,,,,290L :Shivajinagar -Hilalnagar HBR 1st Stage,False,
290M,BMTCB,,Kempegowda Bus Station -Ashwathnagar Telecom Layout (Nagavara),,3,,F53333,FFFFFF,1.0,,,,290M :Kempegowda Bus Station -Ashwathnagar Telecom Layout (Nagavara),False,
290N,BMTCB,,K R Market -Thanisandra,,3,,F53333,FFFFFF,1.0,,,,290N :K R Market -Thanisandra,False,
290P,BMTCB,,Kempegowda Bus Station -Arabic College,,3,,F53333,FFFFFF,1.0,,,,290P :Kempegowda Bus Station -Arabic College,False,
290R,BMTCB,,K R Market -Razakpalya,,3,,F53333,FFFFFF,1.0,,,,290R :K R Market -Razakpalya,False,
291,BMTCB,,K R Market -Srirampura (Bellary Road),,3,,F53333,FFFFFF,1.0,,,,291:K R Market -Srirampura (Bellary Road),False,
291A,BMTCB,,K R Market -Agrahara Layout,,3,,F53333,FFFFFF,1.0,,,,291A :K R Market -Agrahara Layout,False,
291B,BMTCB,,K R Market -Rachenahalli,,3,,F53333,FFFFFF,1.0,,,,291B :K R Market -Rachenahalli,False,
291C,BMTCB,,Shivajinagar -Kadugondanahalli Police Station,,3,,F53333,FFFFFF,1.0,,,,291C :Shivajinagar -Kadugondanahalli Police Station,False,
291D,BMTCB,,Shivajinagar -Yelahanka,,3,,F53333,FFFFFF,1.0,,,,291D :Shivajinagar -Yelahanka,False,
291G,BMTCB,,Shivajinagar -Govindapura (Nagavara),,3,,F53333,FFFFFF,1.0,,,,291G :Shivajinagar -Govindapura (Nagavara),False,
291H,BMTCB,,Kempegowda Bus Station -Ramakrishna Hegde Nagar,,3,,F53333,FFFFFF,1.0,,,,291H :Kempegowda Bus Station -Ramakrishna Hegde Nagar,False,
291J,BMTCB,,K R Market -Nagavara,,3,,F53333,FFFFFF,1.0,,,,291J :K R Market -Nagavara,False,
291K,BMTCB,,Shivajinagar -Rajanakunte (Bellary Road),,3,,F53333,FFFFFF,1.0,,,,291K :Shivajinagar -Rajanakunte (Bellary Road),False,
291M,BMTCB,,Kempegowda Bus Station -Govindapura (Nagavara),,3,,F53333,FFFFFF,1.0,,,,291M :Kempegowda Bus Station -Govindapura (Nagavara),False,
291N,BMTCB,,K R Market -Govindapura (Nagavara),,3,,F53333,FFFFFF,1.0,,,,291N :K R Market -Govindapura (Nagavara),False,
292,BMTCB,,K R Market -Nagaresha Nagenahalli,,3,,F53333,FFFFFF,1.0,,,,292:K R Market -Nagaresha Nagenahalli,False,
292B,BMTCB,,Kempegowda Bus Station -Nagaresha Nagenahalli,,3,,F53333,FFFFFF,1.0,,,,292B :Kempegowda Bus Station -Nagaresha Nagenahalli,False,
292C,BMTCB,,Kempegowda Bus Station -K Narayanapura,,3,,F53333,FFFFFF,1.0,,,,292C :Kempegowda Bus Station -K Narayanapura,False,
293,BMTCB,,K R Market -Razakpalya,,3,,F53333,FFFFFF,1.0,,,,293:K R Market -Razakpalya,False,
293A,BMTCB,,K R Market -Horamavu Agara,,3,,F53333,FFFFFF,1.0,,,,293A :K R Market -Horamavu Agara,False,
293B,BMTCB,,K R Market -Bande Bommasandra,,3,,F53333,FFFFFF,1.0,,,,293B :K R Market -Bande Bommasandra,False,
293C,BMTCB,,K R Market -K Narayanapura,,3,,F53333,FFFFFF,1.0,,,,293C :K R Market -K Narayanapura,False,
293D,BMTCB,,K R Market -Singahalli,,3,,F53333,FFFFFF,1.0,,,,293D :K R Market -Singahalli,False,
293E,BMTCB,,K R Market -Muthugadahalli (Hennur),,3,,F53333,FFFFFF,1.0,,,,293E :K R Market -Muthugadahalli (Hennur),False,
293F,BMTCB,,K R Market -Kadayarappanahalli,,3,,F53333,FFFFFF,1.0,,,,293F :K R Market -Kadayarappanahalli,False,
293G,BMTCB,,Shivajinagar -Yarappanahalli,,3,,F53333,FFFFFF,1.0,,,,293G :Shivajinagar -Yarappanahalli,False,
293H,BMTCB,,Kempegowda Bus Station -Dasanayakanahalli,,3,,F53333,FFFFFF,1.0,,,,293H :Kempegowda Bus Station -Dasanayakanahalli,False,
293J,BMTCB,,K R Market -Marasur (Lingarajapura),,3,,F53333,FFFFFF,1.0,,,,293J :K R Market -Marasur (Lingarajapura),False,
294,BMTCB,,K R Market -Bilesevale,,3,,F53333,FFFFFF,1.0,,,,294:K R Market -Bilesevale,False,
294A,BMTCB,,K R Market -Kadasonnappanahalli,,3,,F53333,FFFFFF,1.0,,,,294A :K R Market -Kadasonnappanahalli,False,
294B,BMTCB,,Kempegowda Bus Station -Jyothinagar,,3,,F53333,FFFFFF,1.0,,,,294B :Kempegowda Bus Station -Jyothinagar,False,
294C,BMTCB,,Shivajinagar -Horamavu Agara,,3,,F53333,FFFFFF,1.0,,,,294C :Shivajinagar -Horamavu Agara,False,
294D,BMTCB,,K R Market -Anagalipura,,3,,F53333,FFFFFF,1.0,,,,294D :K R Market -Anagalipura,False,
294E,BMTCB,,Kempegowda Bus Station -Bilesevale,,3,,F53333,FFFFFF,1.0,,,,294E :Kempegowda Bus Station -Bilesevale,False,
295,BMTCB,,K R Market -Doddagubbi,,3,,F53333,FFFFFF,1.0,,,,295:K R Market -Doddagubbi,False,
295A,BMTCB,,Kempegowda Bus Station -Doddagubbi,,3,,F53333,FFFFFF,1.0,,,,295A :Kempegowda Bus Station -Doddagubbi,False,
295B,BMTCB,,Kempegowda Bus Station -Kalyananagar,,3,,F53333,FFFFFF,1.0,,,,295B :Kempegowda Bus Station -Kalyananagar,False,
295C,BMTCB,,Shivajinagar -Doddagubbi,,3,,F53333,FFFFFF,1.0,,,,295C :Shivajinagar -Doddagubbi,False,
296,BMTCB,,Shivajinagar -Hennur Cross,,3,,F53333,FFFFFF,1.0,,,,296:Shivajinagar -Hennur Cross,False,
296A,BMTCB,,Kempegowda Bus Station -Yarappanahalli,,3,,F53333,FFFFFF,1.0,,,,296A :Kempegowda Bus Station -Yarappanahalli,False,
296B,BMTCB,,Kempegowda Bus Station -HBR Layout 5th Block,,3,,F53333,FFFFFF,1.0,,,,296B :Kempegowda Bus Station -HBR Layout 5th Block,False,
296C,BMTCB,,Kempegowda Bus Station -Kalyananagar,,3,,F53333,FFFFFF,1.0,,,,296C :Kempegowda Bus Station -Kalyananagar,False,
296D,BMTCB,,Shivajinagar -Hennur Cross,,3,,F53333,FFFFFF,1.0,,,,296D :Shivajinagar -Hennur Cross,False,
296E,BMTCB,,Shivajinagar -Kammanahalli,,3,,F53333,FFFFFF,1.0,,,,296E :Shivajinagar -Kammanahalli,False,
296H,BMTCB,,K R Market -HBR Layout 5th Block,,3,,F53333,FFFFFF,1.0,,,,296H :K R Market -HBR Layout 5th Block,False,
296K,BMTCB,,Shivajinagar -Yelahanka Satellite Town 4th Phase,,3,,F53333,FFFFFF,1.0,,,,296K :Shivajinagar -Yelahanka Satellite Town 4th Phase,False,
296N,BMTCB,,Kempegowda Bus Station -Kade Agrahara,,3,,F53333,FFFFFF,1.0,,,,296N :Kempegowda Bus Station -Kade Agrahara,False,
296Q,BMTCB,,Shivajinagar -HBR Layout 1st Block,,3,,F53333,FFFFFF,1.0,,,,296Q :Shivajinagar -HBR Layout 1st Block,False,
296T,BMTCB,,Kempegowda Bus Station -HBR Layout 1st Block,,3,,F53333,FFFFFF,1.0,,,,296T :Kempegowda Bus Station -HBR Layout 1st Block,False,
297,BMTCB,,K R Market -Neragenahalli,,3,,F53333,FFFFFF,1.0,,,,297:K R Market -Neragenahalli,False,
297A,BMTCB,,K R Market -Hegganahalli (Bellary Road),,3,,F53333,FFFFFF,1.0,,,,297A :K R Market -Hegganahalli (Bellary Road),False,
297B,BMTCB,,K R Market -Devaganahalli,,3,,F53333,FFFFFF,1.0,,,,297B :K R Market -Devaganahalli,False,
298,BMTCB,,K R Market -Kannamangala (Bellary Road),,3,,F53333,FFFFFF,1.0,,,,298:K R Market -Kannamangala (Bellary Road),False,
298A,BMTCB,,K R Market -Uganawadi,,3,,F53333,FFFFFF,1.0,,,,298A :K R Market -Uganawadi,False,
298B,BMTCB,,K R Market -Anneshwara,,3,,F53333,FFFFFF,1.0,,,,298B :K R Market -Anneshwara,False,
298C,BMTCB,,K R Market -Kempalinganapura,,3,,F53333,FFFFFF,1.0,,,,298C :K R Market -Kempalinganapura,False,
298D,BMTCB,,K R Market -Kannamangala (Bellary Road),,3,,F53333,FFFFFF,1.0,,,,298D :K R Market -Kannamangala (Bellary Road),False,
298M,BMTCB,,Kempegowda Bus Station -Devanahalli,,3,,F53333,FFFFFF,1.0,,,,298M :Kempegowda Bus Station -Devanahalli,False,
298N,BMTCB,,Kempegowda Bus Station -Sulibele,,3,,F53333,FFFFFF,1.0,,,,298N :Kempegowda Bus Station -Sulibele,False,
299,BMTCB,,K R Market -Tarabanahalli (Bellary Road),,3,,F53333,FFFFFF,1.0,,,,299:K R Market -Tarabanahalli (Bellary Road),False,
299E,BMTCB,,K R Market -Gadenahalli,,3,,F53333,FFFFFF,1.0,,,,299E :K R Market -Gadenahalli,False,
299M,BMTCB,,K R Market -Koyira,,3,,F53333,FFFFFF,1.0,,,,299M :K R Market -Koyira,False,
300,BMTCB,,Shivajinagar -Banasawadi,,3,,F53333,FFFFFF,1.0,,,,300:Shivajinagar -Banasawadi,False,
300A,BMTCB,,K R Market -B Channasandra,,3,,F53333,FFFFFF,1.0,,,,300A :K R Market -B Channasandra,False,
300B,BMTCB,,Kempegowda Bus Station -Banasawadi,,3,,F53333,FFFFFF,1.0,,,,300B :Kempegowda Bus Station -Banasawadi,False,
300C,BMTCB,,Kempegowda Bus Station -ITI Colony (K R Puram),,3,,F53333,FFFFFF,1.0,,,,300C :Kempegowda Bus Station -ITI Colony (K R Puram),False,
300D,BMTCB,,Shivajinagar -B Channasandra,,3,,F53333,FFFFFF,1.0,,,,300D :Shivajinagar -B Channasandra,False,
300E,BMTCB,,Shivajinagar -K R Puram,,3,,F53333,FFFFFF,1.0,,,,300E :Shivajinagar -K R Puram,False,
300F,BMTCB,,Shivajinagar -Ayyappanagar (K R Puram),,3,,F53333,FFFFFF,1.0,,,,300F :Shivajinagar -Ayyappanagar (K R Puram),False,
300G,BMTCB,,Hampinagar -Banasawadi,,3,,F53333,FFFFFF,1.0,,,,300G :Hampinagar -Banasawadi,False,
300H,BMTCB,,Kempegowda Bus Station -ITI Colony (K R Puram),,3,,F53333,FFFFFF,1.0,,,,300H :Kempegowda Bus Station -ITI Colony (K R Puram),False,
300J,BMTCB,,Shivajinagar -Kasturinagar,,3,,F53333,FFFFFF,1.0,,,,300J :Shivajinagar -Kasturinagar,False,
300K,BMTCB,,Shivajinagar -Sadaramangala,,3,,F53333,FFFFFF,1.0,,,,300K :Shivajinagar -Sadaramangala,False,
300L,BMTCB,,Shivajinagar -Kasturinagar,,3,,F53333,FFFFFF,1.0,,,,300L :Shivajinagar -Kasturinagar,False,
300P,BMTCB,,Shivajinagar -Kalyananagar,,3,,F53333,FFFFFF,1.0,,,,300P :Shivajinagar -Kalyananagar,False,
300Q,BMTCB,,Chikkalasandra -Banasawadi,,3,,F53333,FFFFFF,1.0,,,,300Q :Chikkalasandra -Banasawadi,False,
301,BMTCB,,K R Market -Channasandra (Horamavu),,3,,F53333,FFFFFF,1.0,,,,301:K R Market -Channasandra (Horamavu),False,
301A,BMTCB,,K R Market -Banasawadi,,3,,F53333,FFFFFF,1.0,,,,301A :K R Market -Banasawadi,False,
301D,BMTCB,,Shivajinagar -Hosakote,,3,,F53333,FFFFFF,1.0,,,,301D :Shivajinagar -Hosakote,False,
301E,BMTCB,,Jayanagar 4th Block -ITI Colony (K R Puram),,3,,F53333,FFFFFF,1.0,,,,301E :Jayanagar 4th Block -ITI Colony (K R Puram),False,
301F,BMTCB,,Kempegowda Bus Station -Thambuchettypalya,,3,,F53333,FFFFFF,1.0,,,,301F :Kempegowda Bus Station -Thambuchettypalya,False,
301R,BMTCB,,Hebbal -Hosakote,,3,,F53333,FFFFFF,1.0,,,,301R :Hebbal -Hosakote,False,
302,BMTCB,,Shivajinagar -Kammanahalli,,3,,F53333,FFFFFF,1.0,,,,302:Shivajinagar -Kammanahalli,False,
302A,BMTCB,,Kempegowda Bus Station -Babusabpalya,,3,,F53333,FFFFFF,1.0,,,,302A :Kempegowda Bus Station -Babusabpalya,False,
302B,BMTCB,,Kempegowda Bus Station -Kammanahalli,,3,,F53333,FFFFFF,1.0,,,,302B :Kempegowda Bus Station -Kammanahalli,False,
302C,BMTCB,,K R Market -Babusabpalya,,3,,F53333,FFFFFF,1.0,,,,302C :K R Market -Babusabpalya,False,
302D,BMTCB,,K R Market -Kalyananagar,,3,,F53333,FFFFFF,1.0,,,,302D :K R Market -Kalyananagar,False,
302E,BMTCB,,K R Market -Chellakere,,3,,F53333,FFFFFF,1.0,,,,302E :K R Market -Chellakere,False,
302F,BMTCB,,Kempegowda Bus Station -Kalyananagar,,3,,F53333,FFFFFF,1.0,,,,302F :Kempegowda Bus Station -Kalyananagar,False,
302G,BMTCB,,Shivajinagar -Junction of Horamavu Road,,3,,F53333,FFFFFF,1.0,,,,302G :Shivajinagar -Junction of Horamavu Road,False,
302H,BMTCB,,K R Market -Kammanahalli,,3,,F53333,FFFFFF,1.0,,,,302H :K R Market -Kammanahalli,False,
302J,BMTCB,,Shivajinagar -Chellakere Extension,,3,,F53333,FFFFFF,1.0,,,,302J :Shivajinagar -Chellakere Extension,False,
302K,BMTCB,,Kempegowda Bus Station -Lingarajapura KHB Colony,,3,,F53333,FFFFFF,1.0,,,,302K :Kempegowda Bus Station -Lingarajapura KHB Colony,False,
302M,BMTCB,,Shivajinagar -Lingarajapura KHB Colony,,3,,F53333,FFFFFF,1.0,,,,302M :Shivajinagar -Lingarajapura KHB Colony,False,
302N,BMTCB,,Kempegowda Bus Station -Kalyananagar,,3,,F53333,FFFFFF,1.0,,,,302N :Kempegowda Bus Station -Kalyananagar,False,
303,BMTCB,,K R Market -Banasawadi,,3,,F53333,FFFFFF,1.0,,,,303:K R Market -Banasawadi,False,
303A,BMTCB,,Kempegowda Bus Station -Jayanthinagar,,3,,F53333,FFFFFF,1.0,,,,303A :Kempegowda Bus Station -Jayanthinagar,False,
303B,BMTCB,,K R Market -Horamavu Petrol Bunk,,3,,F53333,FFFFFF,1.0,,,,303B :K R Market -Horamavu Petrol Bunk,False,
303C,BMTCB,,Shivajinagar -Kalyananagar,,3,,F53333,FFFFFF,1.0,,,,303C :Shivajinagar -Kalyananagar,False,
303D,BMTCB,,Kempegowda Bus Station -Horamavu Petrol Bunk,,3,,F53333,FFFFFF,1.0,,,,303D :Kempegowda Bus Station -Horamavu Petrol Bunk,False,
303E,BMTCB,,K R Market -Horamavu,,3,,F53333,FFFFFF,1.0,,,,303E :K R Market -Horamavu,False,
303F,BMTCB,,Shivajinagar -Mariyamma Layout,,3,,F53333,FFFFFF,1.0,,,,303F :Shivajinagar -Mariyamma Layout,False,
304,BMTCB,,K R Market -Arehalli (Whitefield),,3,,F53333,FFFFFF,1.0,,,,304:K R Market -Arehalli (Whitefield),False,
304A,BMTCB,,K R Market -Garudacharpalya,,3,,F53333,FFFFFF,1.0,,,,304A :K R Market -Garudacharpalya,False,
304B,BMTCB,,Kempegowda Bus Station -Hoodi,,3,,F53333,FFFFFF,1.0,,,,304B :Kempegowda Bus Station -Hoodi,False,
304C,BMTCB,,K R Market -Channasandra (Whitefield),,3,,F53333,FFFFFF,1.0,,,,304C :K R Market -Channasandra (Whitefield),False,
304D,BMTCB,,Shivajinagar -Medi Mallasandra,,3,,F53333,FFFFFF,1.0,,,,304D :Shivajinagar -Medi Mallasandra,False,
304E,BMTCB,,K R Market -Kalkunte Agrahara,,3,,F53333,FFFFFF,1.0,,,,304E :K R Market -Kalkunte Agrahara,False,
304F,BMTCB,,K R Market -AECS Layout (Kundalahalli),,3,,F53333,FFFFFF,1.0,,,,304F :K R Market -AECS Layout (Kundalahalli),False,
304G,BMTCB,,K R Market -Mahadevapura,,3,,F53333,FFFFFF,1.0,,,,304G :K R Market -Mahadevapura,False,
304H,BMTCB,,Kempegowda Bus Station -Arehalli (Whitefield),,3,,F53333,FFFFFF,1.0,,,,304H :Kempegowda Bus Station -Arehalli (Whitefield),False,
304J,BMTCB,,K R Market -Kalkunte Agrahara,,3,,F53333,FFFFFF,1.0,,,,304J :K R Market -Kalkunte Agrahara,False,
304K,BMTCB,,Kempegowda Bus Station -Kaverinagar (Whitefield),,3,,F53333,FFFFFF,1.0,,,,304K :Kempegowda Bus Station -Kaverinagar (Whitefield),False,
304M,BMTCB,,K R Market -Alambadi,,3,,F53333,FFFFFF,1.0,,,,304M :K R Market -Alambadi,False,
305,BMTCB,,K R Market -Naduvarthi,,3,,F53333,FFFFFF,1.0,,,,305:K R Market -Naduvarthi,False,
305A,BMTCB,,K R Market -Bhattarahalli,,3,,F53333,FFFFFF,1.0,,,,305A :K R Market -Bhattarahalli,False,
305B,BMTCB,,K R Market -Makanahalli,,3,,F53333,FFFFFF,1.0,,,,305B :K R Market -Makanahalli,False,
305C,BMTCB,,Kempegowda Bus Station -Bisanahalli,,3,,F53333,FFFFFF,1.0,,,,305C :Kempegowda Bus Station -Bisanahalli,False,
305D,BMTCB,,Kempegowda Bus Station -Channasandra (Whitefield),,3,,F53333,FFFFFF,1.0,,,,305D :Kempegowda Bus Station -Channasandra (Whitefield),False,
305E,BMTCB,,K R Market -Kodihalli (Old Madras Road),,3,,F53333,FFFFFF,1.0,,,,305E :K R Market -Kodihalli (Old Madras Road),False,
305F,BMTCB,,K R Market -Naduvarthi Colony,,3,,F53333,FFFFFF,1.0,,,,305F :K R Market -Naduvarthi Colony,False,
305G,BMTCB,,K R Market -Devashettyhalli,,3,,F53333,FFFFFF,1.0,,,,305G :K R Market -Devashettyhalli,False,
305H,BMTCB,,Shivajinagar -Makanahalli,,3,,F53333,FFFFFF,1.0,,,,305H :Shivajinagar -Makanahalli,False,
305J,BMTCB,,K R Market -Hosakote,,3,,F53333,FFFFFF,1.0,,,,305J :K R Market -Hosakote,False,
305K,BMTCB,,Shivajinagar -Kattigenahalli,,3,,F53333,FFFFFF,1.0,,,,305K :Shivajinagar -Kattigenahalli,False,
305L,BMTCB,,Kempegowda Bus Station -Vaghatta,,3,,F53333,FFFFFF,1.0,,,,305L :Kempegowda Bus Station -Vaghatta,False,
305M,BMTCB,,Kempegowda Bus Station -Tarabanahalli (Naduvarthi),,3,,F53333,FFFFFF,1.0,,,,305M :Kempegowda Bus Station -Tarabanahalli (Naduvarthi),False,
305N,BMTCB,,K R Market -Kattigenahalli,,3,,F53333,FFFFFF,1.0,,,,305N :K R Market -Kattigenahalli,False,
305P,BMTCB,,K R Market -Bommanabande,,3,,F53333,FFFFFF,1.0,,,,305P :K R Market -Bommanabande,False,
305Q,BMTCB,,Kempegowda Bus Station -Pichaguntarahalli,,3,,F53333,FFFFFF,1.0,,,,305Q :Kempegowda Bus Station -Pichaguntarahalli,False,
305R,BMTCB,,K R Market -Dodda Dasarahalli,,3,,F53333,FFFFFF,1.0,,,,305R :K R Market -Dodda Dasarahalli,False,
305S,BMTCB,,Kempegowda Bus Station -Soukhya Hospital,,3,,F53333,FFFFFF,1.0,,,,305S :Kempegowda Bus Station -Soukhya Hospital,False,
306,BMTCB,,K R Market -Devanagundi,,3,,F53333,FFFFFF,1.0,,,,306:K R Market -Devanagundi,False,
306A,BMTCB,,K R Market -Lingadheera Mallasandra,,3,,F53333,FFFFFF,1.0,,,,306A :K R Market -Lingadheera Mallasandra,False,
306B,BMTCB,,K R Market -Thindlu (Old Madras Road),,3,,F53333,FFFFFF,1.0,,,,306B :K R Market -Thindlu (Old Madras Road),False,
306C,BMTCB,,K R Market -Kanikal,,3,,F53333,FFFFFF,1.0,,,,306C :K R Market -Kanikal,False,
306D,BMTCB,,Kempegowda Bus Station -Devanagundi,,3,,F53333,FFFFFF,1.0,,,,306D :Kempegowda Bus Station -Devanagundi,False,
306E,BMTCB,,K R Market -Narayanakere,,3,,F53333,FFFFFF,1.0,,,,306E :K R Market -Narayanakere,False,
306F,BMTCB,,K R Market -Banarahalli,,3,,F53333,FFFFFF,1.0,,,,306F :K R Market -Banarahalli,False,
306G,BMTCB,,K R Market -Somalapura,,3,,F53333,FFFFFF,1.0,,,,306G :K R Market -Somalapura,False,
306H,BMTCB,,K R Market -Handenahalli (Old Madras Road),,3,,F53333,FFFFFF,1.0,,,,306H :K R Market -Handenahalli (Old Madras Road),False,
306J,BMTCB,,K R Market -Domlur (Old Madras Road),,3,,F53333,FFFFFF,1.0,,,,306J :K R Market -Domlur (Old Madras Road),False,
306K,BMTCB,,K R Market -D Hosahalli,,3,,F53333,FFFFFF,1.0,,,,306K :K R Market -D Hosahalli,False,
306L,BMTCB,,K R Market -Lingadheera Mallasandra,,3,,F53333,FFFFFF,1.0,,,,306L :K R Market -Lingadheera Mallasandra,False,
306M,BMTCB,,K R Market -Pura,,3,,F53333,FFFFFF,1.0,,,,306M :K R Market -Pura,False,
306P,BMTCB,,K R Market -Arasanahalli,,3,,F53333,FFFFFF,1.0,,,,306P :K R Market -Arasanahalli,False,
307,BMTCB,,K R Market -Rampura,,3,,F53333,FFFFFF,1.0,,,,307:K R Market -Rampura,False,
307A,BMTCB,,K R Market -Veerenahalli,,3,,F53333,FFFFFF,1.0,,,,307A :K R Market -Veerenahalli,False,
307B,BMTCB,,K R Market -Kadugodi,,3,,F53333,FFFFFF,1.0,,,,307B :K R Market -Kadugodi,False,
307C,BMTCB,,K R Market -Dodda Banahalli,,3,,F53333,FFFFFF,1.0,,,,307C :K R Market -Dodda Banahalli,False,
308,BMTCB,,K R Market -Gundoor,,3,,F53333,FFFFFF,1.0,,,,308:K R Market -Gundoor,False,
308A,BMTCB,,Kempegowda Bus Station -Gundoor,,3,,F53333,FFFFFF,1.0,,,,308A :Kempegowda Bus Station -Gundoor,False,
309,BMTCB,,K R Market -Kaggadasapura,,3,,F53333,FFFFFF,1.0,,,,309:K R Market -Kaggadasapura,False,
310,BMTCB,,Shivajinagar -K R Puram,,3,,F53333,FFFFFF,1.0,,,,310:Shivajinagar -K R Puram,False,
310A,BMTCB,,Shivajinagar -A Narayanapura,,3,,F53333,FFFFFF,1.0,,,,310A :Shivajinagar -A Narayanapura,False,
310B,BMTCB,,Vijayanagar -K R Puram,,3,,F53333,FFFFFF,1.0,,,,310B :Vijayanagar -K R Puram,False,
310C,BMTCB,,Shivajinagar -Udayanagar,,3,,F53333,FFFFFF,1.0,,,,310C :Shivajinagar -Udayanagar,False,
310D,BMTCB,,Shivajinagar -Naduvarthi,,3,,F53333,FFFFFF,1.0,,,,310D :Shivajinagar -Naduvarthi,False,
311,BMTCB,,Shivajinagar -K R Puram,,3,,F53333,FFFFFF,1.0,,,,311:Shivajinagar -K R Puram,False,
311A,BMTCB,,Shivajinagar -Sadanandanagar,,3,,F53333,FFFFFF,1.0,,,,311A :Shivajinagar -Sadanandanagar,False,
311C,BMTCB,,Shivajinagar -Vijinapura,,3,,F53333,FFFFFF,1.0,,,,311C :Shivajinagar -Vijinapura,False,
311E,BMTCB,,Shivajinagar -Ayyappanagar (K R Puram),,3,,F53333,FFFFFF,1.0,,,,311E :Shivajinagar -Ayyappanagar (K R Puram),False,
311F,BMTCB,,Shivajinagar -K R Puram,,3,,F53333,FFFFFF,1.0,,,,311F :Shivajinagar -K R Puram,False,
311H,BMTCB,,Shivajinagar -Hoysalanagar,,3,,F53333,FFFFFF,1.0,,,,311H :Shivajinagar -Hoysalanagar,False,
311J,BMTCB,,Shivajinagar -Seegehalli (K R Puram),,3,,F53333,FFFFFF,1.0,,,,311J :Shivajinagar -Seegehalli (K R Puram),False,
311P,BMTCB,,Shivajinagar -Shanthi Layout,,3,,F53333,FFFFFF,1.0,,,,311P :Shivajinagar -Shanthi Layout,False,
312,BMTCB,,Shivajinagar -Kittaganur,,3,,F53333,FFFFFF,1.0,,,,312:Shivajinagar -Kittaganur,False,
313A,BMTCB,,K R Market -Maragondanahalli (Old Madras Road),,3,,F53333,FFFFFF,1.0,,,,313A :K R Market -Maragondanahalli (Old Madras Road),False,
313B,BMTCB,,K R Market -Vijinapura,,3,,F53333,FFFFFF,1.0,,,,313B :K R Market -Vijinapura,False,
313C,BMTCB,,K R Market -A Narayanapura,,3,,F53333,FFFFFF,1.0,,,,313C :K R Market -A Narayanapura,False,
313D,BMTCB,,K R Market -K R Puram,,3,,F53333,FFFFFF,1.0,,,,313D :K R Market -K R Puram,False,
313E,BMTCB,,K R Market -Sadaramangala,,3,,F53333,FFFFFF,1.0,,,,313E :K R Market -Sadaramangala,False,
313F,BMTCB,,K R Market -Rampura,,3,,F53333,FFFFFF,1.0,,,,313F :K R Market -Rampura,False,
313G,BMTCB,,K R Market -Gayathri Layout,,3,,F53333,FFFFFF,1.0,,,,313G :K R Market -Gayathri Layout,False,
313J,BMTCB,,K R Market -Jinkethimmanahalli,,3,,F53333,FFFFFF,1.0,,,,313J :K R Market -Jinkethimmanahalli,False,
313K,BMTCB,,K R Market -Ayyappanagar (K R Puram),,3,,F53333,FFFFFF,1.0,,,,313K :K R Market -Ayyappanagar (K R Puram),False,
313L,BMTCB,,K R Market -Ramamurthynagar,,3,,F53333,FFFFFF,1.0,,,,313L :K R Market -Ramamurthynagar,False,
313N,BMTCB,,K R Market -Sadanandanagar,,3,,F53333,FFFFFF,1.0,,,,313N :K R Market -Sadanandanagar,False,
313P,BMTCB,,K R Market -Shanthi Layout,,3,,F53333,FFFFFF,1.0,,,,313P :K R Market -Shanthi Layout,False,
313R,BMTCB,,K R Market -Varthur,,3,,F53333,FFFFFF,1.0,,,,313R :K R Market -Varthur,False,
313T,BMTCB,,K R Market -Tambuchettypalya,,3,,F53333,FFFFFF,1.0,,,,313T :K R Market -Tambuchettypalya,False,
314,BMTCB,,Shivajinagar -Nagavarapalya,,3,,F53333,FFFFFF,1.0,,,,314:Shivajinagar -Nagavarapalya,False,
314A,BMTCB,,Shivajinagar -DRDO Township 2nd Phase,,3,,F53333,FFFFFF,1.0,,,,314A :Shivajinagar -DRDO Township 2nd Phase,False,
314AA,BMTCB,,Ulsoor - hope farm,"BEML gate,BTP,Malleshpalya,Basavanagar,Marthahalli,Varthoor",3,,F53333,FFFFFF,1.0,,,,314AA:Ulsoor - hope farm,False,
314B,BMTCB,,Shivajinagar -Nagavarapalya,,3,,F53333,FFFFFF,1.0,,,,314B :Shivajinagar -Nagavarapalya,False,
314C,BMTCB,,K R Market -Nagavarapalya,,3,,F53333,FFFFFF,1.0,,,,314C :K R Market -Nagavarapalya,False,
314D,BMTCB,,K R Market -Vijnananagar,,3,,F53333,FFFFFF,1.0,,,,314D :K R Market -Vijnananagar,False,
314E,BMTCB,,Kempegowda Bus Station -DRDO Township,,3,,F53333,FFFFFF,1.0,,,,314E :Kempegowda Bus Station -DRDO Township,False,
314F,BMTCB,,Kempegowda Bus Station -Vibhuthipura,,3,,F53333,FFFFFF,1.0,,,,314F :Kempegowda Bus Station -Vibhuthipura,False,
314G,BMTCB,,Kempegowda Bus Station -Byrasandra (C V Raman Nagar),,3,,F53333,FFFFFF,1.0,,,,314G :Kempegowda Bus Station -Byrasandra (C V Raman Nagar),False,
314H,BMTCB,,Kempegowda Bus Station -Malleshpalya,,3,,F53333,FFFFFF,1.0,,,,314H :Kempegowda Bus Station -Malleshpalya,False,
314K,BMTCB,,Chennammanakere Achkattu -C V Raman Nagar,,3,,F53333,FFFFFF,1.0,,,,314K :Chennammanakere Achkattu -C V Raman Nagar,False,
314L,BMTCB,,ISRO Layout -C V Raman Nagar,,3,,F53333,FFFFFF,1.0,,,,314L :ISRO Layout -C V Raman Nagar,False,
314N,BMTCB,,Shivajinagar -Basavanagar Samudaya Bhavan,,3,,F53333,FFFFFF,1.0,,,,314N :Shivajinagar -Basavanagar Samudaya Bhavan,False,
314P,BMTCB,,Shivajinagar -Jagadeeshnagar,,3,,F53333,FFFFFF,1.0,,,,314P :Shivajinagar -Jagadeeshnagar,False,
314Q,BMTCB,,K R Market -Nallurupura,,3,,F53333,FFFFFF,1.0,,,,314Q :K R Market -Nallurupura,False,
314R,BMTCB,,Mallathahalli -C V Raman Nagar,,3,,F53333,FFFFFF,1.0,,,,314R :Mallathahalli -C V Raman Nagar,False,
314S,BMTCB,,Shivajinagar -Nallurupura,,3,,F53333,FFFFFF,1.0,,,,314S :Shivajinagar -Nallurupura,False,
314T,BMTCB,,Kempegowda Bus Station -Basavanagar,,3,,F53333,FFFFFF,1.0,,,,314T :Kempegowda Bus Station -Basavanagar,False,
315,BMTCB,,Kempegowda Bus Station -K R Puram,,3,,F53333,FFFFFF,1.0,,,,315:Kempegowda Bus Station -K R Puram,False,
315A,BMTCB,,Kempegowda Bus Station -Suddaguntepalya,,3,,F53333,FFFFFF,1.0,,,,315A :Kempegowda Bus Station -Suddaguntepalya,False,
315B,BMTCB,,Kempegowda Bus Station -A Narayanapura,,3,,F53333,FFFFFF,1.0,,,,315B :Kempegowda Bus Station -A Narayanapura,False,
315C,BMTCB,,Kempegowda Bus Station -Krishnayyanapalya,,3,,F53333,FFFFFF,1.0,,,,315C :Kempegowda Bus Station -Krishnayyanapalya,False,
315D,BMTCB,,Kempegowda Bus Station -Kalkere (Horamavu),,3,,F53333,FFFFFF,1.0,,,,315D :Kempegowda Bus Station -Kalkere (Horamavu),False,
315E,BMTCB,,Kempegowda Bus Station -Sadaramangala,,3,,F53333,FFFFFF,1.0,,,,315E :Kempegowda Bus Station -Sadaramangala,False,
315F,BMTCB,,Kempegowda Bus Station -Seegehalli (K R Puram),,3,,F53333,FFFFFF,1.0,,,,315F :Kempegowda Bus Station -Seegehalli (K R Puram),False,
315G,BMTCB,,Kempegowda Bus Station -Vijinapura,,3,,F53333,FFFFFF,1.0,,,,315G :Kempegowda Bus Station -Vijinapura,False,
315H,BMTCB,,Kempegowda Bus Station -Food Corporation of India,,3,,F53333,FFFFFF,1.0,,,,315H :Kempegowda Bus Station -Food Corporation of India,False,
315J,BMTCB,,Kempegowda Bus Station -Adur,,3,,F53333,FFFFFF,1.0,,,,315J :Kempegowda Bus Station -Adur,False,
315K,BMTCB,,Kempegowda Bus Station -K R Puram,,3,,F53333,FFFFFF,1.0,,,,315K :Kempegowda Bus Station -K R Puram,False,
315L,BMTCB,,Kempegowda Bus Station -Ramamurthynagar,,3,,F53333,FFFFFF,1.0,,,,315L :Kempegowda Bus Station -Ramamurthynagar,False,
315N,BMTCB,,Kempegowda Bus Station -Nagondanahalli,,3,,F53333,FFFFFF,1.0,,,,315N :Kempegowda Bus Station -Nagondanahalli,False,
315P,BMTCB,,Kempegowda Bus Station -Shanthi Layout,,3,,F53333,FFFFFF,1.0,,,,315P :Kempegowda Bus Station -Shanthi Layout,False,
315Q,BMTCB,,Kempegowda Bus Station -Devasandra (Old Madras Road),,3,,F53333,FFFFFF,1.0,,,,315Q :Kempegowda Bus Station -Devasandra (Old Madras Road),False,
315R,BMTCB,,Banashankari 3rd Stage -K R Puram,,3,,F53333,FFFFFF,1.0,,,,315R :Banashankari 3rd Stage -K R Puram,False,
315T,BMTCB,,Kempegowda Bus Station -Kittaganur,,3,,F53333,FFFFFF,1.0,,,,315T :Kempegowda Bus Station -Kittaganur,False,
315V,BMTCB,,Kempegowda Bus Station -Kadugodi,,3,,F53333,FFFFFF,1.0,,,,315V :Kempegowda Bus Station -Kadugodi,False,
315W,BMTCB,,Kempegowda Bus Station -Udayanagar,,3,,F53333,FFFFFF,1.0,,,,315W :Kempegowda Bus Station -Udayanagar,False,
315Y,BMTCB,,Kempegowda Bus Station -Hoysalanagar,,3,,F53333,FFFFFF,1.0,,,,315Y :Kempegowda Bus Station -Hoysalanagar,False,
316,BMTCB,,K R Market -Budigere,,3,,F53333,FFFFFF,1.0,,,,316:K R Market -Budigere,False,
316A,BMTCB,,K R Market -Gangawara,,3,,F53333,FFFFFF,1.0,,,,316A :K R Market -Gangawara,False,
316B,BMTCB,,Kempegowda Bus Station -Budigere,,3,,F53333,FFFFFF,1.0,,,,316B :Kempegowda Bus Station -Budigere,False,
316C,BMTCB,,K R Market -Huskur (Old Madras Road),,3,,F53333,FFFFFF,1.0,,,,316C :K R Market -Huskur (Old Madras Road),False,
316D,BMTCB,,K R Market -Bhattara Marenahalli,,3,,F53333,FFFFFF,1.0,,,,316D :K R Market -Bhattara Marenahalli,False,
316E,BMTCB,,K R Market -Hancharahalli,,3,,F53333,FFFFFF,1.0,,,,316E :K R Market -Hancharahalli,False,
316F,BMTCB,,Kempegowda Bus Station -Cheemasandra,,3,,F53333,FFFFFF,1.0,,,,316F :Kempegowda Bus Station -Cheemasandra,False,
316G,BMTCB,,Kempegowda Bus Station -Mandur,,3,,F53333,FFFFFF,1.0,,,,316G :Kempegowda Bus Station -Mandur,False,
316J,BMTCB,,Kempegowda Bus Station -Kattu Gollahalli,,3,,F53333,FFFFFF,1.0,,,,316J :Kempegowda Bus Station -Kattu Gollahalli,False,
316K,BMTCB,,K R Market -Kaggalahalli (Old Madras Road),,3,,F53333,FFFFFF,1.0,,,,316K :K R Market -Kaggalahalli (Old Madras Road),False,
316L,BMTCB,,K R Market -Cheemasandra,,3,,F53333,FFFFFF,1.0,,,,316L :K R Market -Cheemasandra,False,
316M,BMTCB,,Kempegowda Bus Station -Singahalli,,3,,F53333,FFFFFF,1.0,,,,316M :Kempegowda Bus Station -Singahalli,False,
316N,BMTCB,,K R Market -Andarahalli,,3,,F53333,FFFFFF,1.0,,,,316N :K R Market -Andarahalli,False,
316Q,BMTCB,,K R Market -Kaggalahalli (Old Madras Road),,3,,F53333,FFFFFF,1.0,,,,316Q :K R Market -Kaggalahalli (Old Madras Road),False,
316R,BMTCB,,K R Market -Nallur,,3,,F53333,FFFFFF,1.0,,,,316R :K R Market -Nallur,False,
316T,BMTCB,,K R Market -Samathhalli,,3,,F53333,FFFFFF,1.0,,,,316T :K R Market -Samathhalli,False,
317,BMTCB,,K R Market -Hosakote,,3,,F53333,FFFFFF,1.0,,,,317:K R Market -Hosakote,False,
317A,BMTCB,,Kempegowda Bus Station -Hosakote,,3,,F53333,FFFFFF,1.0,,,,317A :Kempegowda Bus Station -Hosakote,False,
317B,BMTCB,,K R Market -Kaji Sonnenahalli,,3,,F53333,FFFFFF,1.0,,,,317B :K R Market -Kaji Sonnenahalli,False,
317C,BMTCB,,K R Market -Poojena Agrahara,,3,,F53333,FFFFFF,1.0,,,,317C :K R Market -Poojena Agrahara,False,
317D,BMTCB,,K R Market -Kannurahalli,,3,,F53333,FFFFFF,1.0,,,,317D :K R Market -Kannurahalli,False,
317E,BMTCB,,K R Market -Kumbalahalli,,3,,F53333,FFFFFF,1.0,,,,317E :K R Market -Kumbalahalli,False,
317F,BMTCB,,K R Market -Pillagumpa Industrial Estate,,3,,F53333,FFFFFF,1.0,,,,317F :K R Market -Pillagumpa Industrial Estate,False,
317G,BMTCB,,Shivajinagar -Hosakote,,3,,F53333,FFFFFF,1.0,,,,317G :Shivajinagar -Hosakote,False,
317J,BMTCB,,K R Market -Kacharakanahalli,,3,,F53333,FFFFFF,1.0,,,,317J :K R Market -Kacharakanahalli,False,
317K,BMTCB,,K R Market -Kurubarahalli (Old Madras Road),,3,,F53333,FFFFFF,1.0,,,,317K :K R Market -Kurubarahalli (Old Madras Road),False,
317L,BMTCB,,Kempegowda Bus Station -Jangamakote,,3,,F53333,FFFFFF,1.0,,,,317L :Kempegowda Bus Station -Jangamakote,False,
317M,BMTCB,,K R Market -Dasarahalli (Old Madras Road),,3,,F53333,FFFFFF,1.0,,,,317M :K R Market -Dasarahalli (Old Madras Road),False,
317N,BMTCB,,K R Market -Kamarasanahalli,,3,,F53333,FFFFFF,1.0,,,,317N :K R Market -Kamarasanahalli,False,
317P,BMTCB,,Kempegowda Bus Station -Kaji Sonnenahalli,,3,,F53333,FFFFFF,1.0,,,,317P :Kempegowda Bus Station -Kaji Sonnenahalli,False,
317R,BMTCB,,K R Market -Cheemandahalli,,3,,F53333,FFFFFF,1.0,,,,317R :K R Market -Cheemandahalli,False,
317S,BMTCB,,K R Market -Begur (Old Madras Road),,3,,F53333,FFFFFF,1.0,,,,317S :K R Market -Begur (Old Madras Road),False,
317T,BMTCB,,K R Market -Jinnanagara,,3,,F53333,FFFFFF,1.0,,,,317T :K R Market -Jinnanagara,False,
317V,BMTCB,,Kempegowda Bus Station -Naduvarthi,,3,,F53333,FFFFFF,1.0,,,,317V :Kempegowda Bus Station -Naduvarthi,False,
317W,BMTCB,,K R Market -Ganagalu,,3,,F53333,FFFFFF,1.0,,,,317W :K R Market -Ganagalu,False,
317Y,BMTCB,,K R Market -Karibeeranahosahalli,,3,,F53333,FFFFFF,1.0,,,,317Y :K R Market -Karibeeranahosahalli,False,
317Z,BMTCB,,Kempegowda Bus Station -Kaji Hosahalli,,3,,F53333,FFFFFF,1.0,,,,317Z :Kempegowda Bus Station -Kaji Hosahalli,False,
318,BMTCB,,K R Market -Jyothipura,,3,,F53333,FFFFFF,1.0,,,,318:K R Market -Jyothipura,False,
318A,BMTCB,,K R Market -Bommenahalli,,3,,F53333,FFFFFF,1.0,,,,318A :K R Market -Bommenahalli,False,
318E,BMTCB,,K R Market -Thirumenahalli (Hosakote),,3,,F53333,FFFFFF,1.0,,,,318E :K R Market -Thirumenahalli (Hosakote),False,
319,BMTCB,,K R Market -Kaji Hosahalli,,3,,F53333,FFFFFF,1.0,,,,319:K R Market -Kaji Hosahalli,False,
319A,BMTCB,,K R Market -Whitefield Post Office,,3,,F53333,FFFFFF,1.0,,,,319A :K R Market -Whitefield Post Office,False,
319B,BMTCB,,K R Market -Chikkabanahalli,,3,,F53333,FFFFFF,1.0,,,,319B :K R Market -Chikkabanahalli,False,
319C,BMTCB,,Kempegowda Bus Station -Kadugodi,,3,,F53333,FFFFFF,1.0,,,,319C :Kempegowda Bus Station -Kadugodi,False,
319E,BMTCB,,Halasuru -Hope Farm,,3,,F53333,FFFFFF,1.0,,,,319E :Halasuru -Hope Farm,False,
319G,BMTCB,,Kempegowda Bus Station -Dr Ambedkar Nagar,,3,,F53333,FFFFFF,1.0,,,,319G :Kempegowda Bus Station -Dr Ambedkar Nagar,False,
319J,BMTCB,,K R Market -Dinnur Kadugooli,,3,,F53333,FFFFFF,1.0,,,,319J :K R Market -Dinnur Kadugooli,False,
320,BMTCB,,Shivajinagar -Immadihalli,,3,,F53333,FFFFFF,1.0,,,,320:Shivajinagar -Immadihalli,False,
320A,BMTCB,,Kempegowda Bus Station -Nagondanahalli,,3,,F53333,FFFFFF,1.0,,,,320A :Kempegowda Bus Station -Nagondanahalli,False,
320B,BMTCB,,Kempegowda Bus Station -Gandhipura,,3,,F53333,FFFFFF,1.0,,,,320B :Kempegowda Bus Station -Gandhipura,False,
320C,BMTCB,,Shivajinagar -Vydehi Hospital,,3,,F53333,FFFFFF,1.0,,,,320C :Shivajinagar -Vydehi Hospital,False,
320D,BMTCB,,Viveknagar -Kadugodi,,3,,F53333,FFFFFF,1.0,,,,320D :Viveknagar -Kadugodi,False,
320E,BMTCB,,Shivajinagar -Nagondanahalli,,3,,F53333,FFFFFF,1.0,,,,320E :Shivajinagar -Nagondanahalli,False,
320F,BMTCB,,Shivajinagar -Harohalli (Whitefield),,3,,F53333,FFFFFF,1.0,,,,320F :Shivajinagar -Harohalli (Whitefield),False,
320G,BMTCB,,Yeshwanthpur -Vydehi Hospital,,3,,F53333,FFFFFF,1.0,,,,320G :Yeshwanthpur -Vydehi Hospital,False,
320H,BMTCB,,Shivajinagar -Whitefield Gandhipur,,3,,F53333,FFFFFF,1.0,,,,320H :Shivajinagar -Whitefield Gandhipur,False,
321,BMTCB,,K R Market -Muthkur (Whitefield),,3,,F53333,FFFFFF,1.0,,,,321:K R Market -Muthkur (Whitefield),False,
321A,BMTCB,,K R Market -Seegehalli (K R Puram),,3,,F53333,FFFFFF,1.0,,,,321A :K R Market -Seegehalli (K R Puram),False,
321B,BMTCB,,Banashankari -Muthkur (Whitefield),,3,,F53333,FFFFFF,1.0,,,,321B :Banashankari -Muthkur (Whitefield),False,
321C,BMTCB,,K R Market -Samethanahalli,,3,,F53333,FFFFFF,1.0,,,,321C :K R Market -Samethanahalli,False,
321D,BMTCB,,K R Market -Naganayakanakote,,3,,F53333,FFFFFF,1.0,,,,321D :K R Market -Naganayakanakote,False,
321E,BMTCB,,Shivajinagar -Muthkur (Whitefield),,3,,F53333,FFFFFF,1.0,,,,321E :Shivajinagar -Muthkur (Whitefield),False,
322,BMTCB,,K R Market -Muthugadahalli (Hennur),,3,,F53333,FFFFFF,1.0,,,,322:K R Market -Muthugadahalli (Hennur),False,
322A,BMTCB,,K R Market -Bylalu (Old Madras Road),,3,,F53333,FFFFFF,1.0,,,,322A :K R Market -Bylalu (Old Madras Road),False,
322B,BMTCB,,K R Market -Yadagondanahalli,,3,,F53333,FFFFFF,1.0,,,,322B :K R Market -Yadagondanahalli,False,
322M,BMTCB,,K R Market -Tattanur,,3,,F53333,FFFFFF,1.0,,,,322M :K R Market -Tattanur,False,
323,BMTCB,,K R Market -Bagur,,3,,F53333,FFFFFF,1.0,,,,323:K R Market -Bagur,False,
323A,BMTCB,,K R Market -Gonighattapura,,3,,F53333,FFFFFF,1.0,,,,323A :K R Market -Gonighattapura,False,
323B,BMTCB,,K R Market -Koogur,,3,,F53333,FFFFFF,1.0,,,,323B :K R Market -Koogur,False,
323C,BMTCB,,K R Market -Mugalur,,3,,F53333,FFFFFF,1.0,,,,323C :K R Market -Mugalur,False,
323D,BMTCB,,K R Market -Kootaganahalli,,3,,F53333,FFFFFF,1.0,,,,323D :K R Market -Kootaganahalli,False,
323E,BMTCB,,K R Market -Nerige,,3,,F53333,FFFFFF,1.0,,,,323E :K R Market -Nerige,False,
323F,BMTCB,,Kempegowda Bus Station -Nerige,,3,,F53333,FFFFFF,1.0,,,,323F :Kempegowda Bus Station -Nerige,False,
323G,BMTCB,,K R Market -Ramanayakanahalli,,3,,F53333,FFFFFF,1.0,,,,323G :K R Market -Ramanayakanahalli,False,
323J,BMTCB,,Kempegowda Bus Station -Kootaganahalli,,3,,F53333,FFFFFF,1.0,,,,323J :Kempegowda Bus Station -Kootaganahalli,False,
323K,BMTCB,,Kempegowda Bus Station -Bagur,,3,,F53333,FFFFFF,1.0,,,,323K :Kempegowda Bus Station -Bagur,False,
324,BMTCB,,K R Market -Immadihalli,,3,,F53333,FFFFFF,1.0,,,,324:K R Market -Immadihalli,False,
324A,BMTCB,,K R Market -Nagondanahalli,,3,,F53333,FFFFFF,1.0,,,,324A :K R Market -Nagondanahalli,False,
324C,BMTCB,,K R Market -Agadur,,3,,F53333,FFFFFF,1.0,,,,324C :K R Market -Agadur,False,
324D,BMTCB,,K R Market -Whitefield Post Office,,3,,F53333,FFFFFF,1.0,,,,324D :K R Market -Whitefield Post Office,False,
324E,BMTCB,,K R Market -Vijayanagar (Varthur Road),,3,,F53333,FFFFFF,1.0,,,,324E :K R Market -Vijayanagar (Varthur Road),False,
325,BMTCB,,K R Market -Harohalli (Whitefield),,3,,F53333,FFFFFF,1.0,,,,325:K R Market -Harohalli (Whitefield),False,
325A,BMTCB,,Kempegowda Bus Station -Harohalli (Whitefield),,3,,F53333,FFFFFF,1.0,,,,325A :Kempegowda Bus Station -Harohalli (Whitefield),False,
326A,BMTCB,,K R Market -Hosakote,,3,,F53333,FFFFFF,1.0,,,,326A :K R Market -Hosakote,False,
326C,BMTCB,,K R Market -Kadugodi,,3,,F53333,FFFFFF,1.0,,,,326C :K R Market -Kadugodi,False,
326E,BMTCB,,K R Market -Hosakote,,3,,F53333,FFFFFF,1.0,,,,326E :K R Market -Hosakote,False,
327,BMTCB,,Kempegowda Bus Station -Gunjur,,3,,F53333,FFFFFF,1.0,,,,327:Kempegowda Bus Station -Gunjur,False,
327A,BMTCB,,Kempegowda Bus Station -Dommasandra,,3,,F53333,FFFFFF,1.0,,,,327A :Kempegowda Bus Station -Dommasandra,False,
327B,BMTCB,,K R Market -Panathur,,3,,F53333,FFFFFF,1.0,,,,327B :K R Market -Panathur,False,
327C,BMTCB,,K R Market -Attibele,,3,,F53333,FFFFFF,1.0,,,,327C :K R Market -Attibele,False,
327D,BMTCB,,Kempegowda Bus Station -Gunjur,,3,,F53333,FFFFFF,1.0,,,,327D :Kempegowda Bus Station -Gunjur,False,
327E,BMTCB,,K R Market -Gunjurpalya,,3,,F53333,FFFFFF,1.0,,,,327E :K R Market -Gunjurpalya,False,
327F,BMTCB,,K R Market -Kodathi,,3,,F53333,FFFFFF,1.0,,,,327F :K R Market -Kodathi,False,
328,BMTCB,,K R Market -Varthur,,3,,F53333,FFFFFF,1.0,,,,328:K R Market -Varthur,False,
328A,BMTCB,,K R Puram -Varthur,,3,,F53333,FFFFFF,1.0,,,,328A :K R Puram -Varthur,False,
328B,BMTCB,,Hosakote -Sarjapur,,3,,F53333,FFFFFF,1.0,,,,328B :Hosakote -Sarjapur,False,
328E,BMTCB,,K R Market -Harohalli (Whitefield),,3,,F53333,FFFFFF,1.0,,,,328E :K R Market -Harohalli (Whitefield),False,
328F,BMTCB,,Kempegowda Bus Station -Valepura,,3,,F53333,FFFFFF,1.0,,,,328F :Kempegowda Bus Station -Valepura,False,
328G,BMTCB,,K R Market -Halasahalli,,3,,F53333,FFFFFF,1.0,,,,328G :K R Market -Halasahalli,False,
328H,BMTCB,,Hosakote -Attibele,,3,,F53333,FFFFFF,1.0,,,,328H :Hosakote -Attibele,False,
329,BMTCB,,K R Market -Muthasandra,,3,,F53333,FFFFFF,1.0,,,,329:K R Market -Muthasandra,False,
329A,BMTCB,,K R Market -Madappanahalli (Varthur Road),,3,,F53333,FFFFFF,1.0,,,,329A :K R Market -Madappanahalli (Varthur Road),False,
329B,BMTCB,,K R Market -Jantagondanahalli,,3,,F53333,FFFFFF,1.0,,,,329B :K R Market -Jantagondanahalli,False,
329C,BMTCB,,K R Market -Kothur,,3,,F53333,FFFFFF,1.0,,,,329C :K R Market -Kothur,False,
329D,BMTCB,,Shivajinagar -Muthasandra,,3,,F53333,FFFFFF,1.0,,,,329D :Shivajinagar -Muthasandra,False,
329E,BMTCB,,K R Market -Belikere,,3,,F53333,FFFFFF,1.0,,,,329E :K R Market -Belikere,False,
329F,BMTCB,,K R Market -Anugondanahalli,,3,,F53333,FFFFFF,1.0,,,,329F :K R Market -Anugondanahalli,False,
329G,BMTCB,,Shivajinagar -Kothur,,3,,F53333,FFFFFF,1.0,,,,329G :Shivajinagar -Kothur,False,
329H,BMTCB,,Kempegowda Bus Station -Belikere,,3,,F53333,FFFFFF,1.0,,,,329H :Kempegowda Bus Station -Belikere,False,
330,BMTCB,,Shivajinagar -Marathahalli Bridge,,3,,F53333,FFFFFF,1.0,,,,330:Shivajinagar -Marathahalli Bridge,False,
330A,BMTCB,,Shivajinagar -L B Shastrinagar,,3,,F53333,FFFFFF,1.0,,,,330A :Shivajinagar -L B Shastrinagar,False,
330B,BMTCB,,Shivajinagar -AECS Layout (Kundalahalli),,3,,F53333,FFFFFF,1.0,,,,330B :Shivajinagar -AECS Layout (Kundalahalli),False,
330C,BMTCB,,Shivajinagar -Basavanagar,,3,,F53333,FFFFFF,1.0,,,,330C :Shivajinagar -Basavanagar,False,
330D,BMTCB,,Shivajinagar -Kannalli,,3,,F53333,FFFFFF,1.0,,,,330D :Shivajinagar -Kannalli,False,
330F,BMTCB,,Shivajinagar -Varthur,,3,,F53333,FFFFFF,1.0,,,,330F :Shivajinagar -Varthur,False,
330G,BMTCB,,Shivajinagar -Doddanekkundi,,3,,F53333,FFFFFF,1.0,,,,330G :Shivajinagar -Doddanekkundi,False,
330M,BMTCB,,Shivajinagar -Ashwathnagar (Marathahalli),,3,,F53333,FFFFFF,1.0,,,,330M :Shivajinagar -Ashwathnagar (Marathahalli),False,
330P,BMTCB,,Shivajinagar -Panathur,,3,,F53333,FFFFFF,1.0,,,,330P :Shivajinagar -Panathur,False,
331,BMTCB,,Shivajinagar -Kadugodi,,3,,F53333,FFFFFF,1.0,,,,331:Shivajinagar -Kadugodi,False,
331E,BMTCB,,Shivajinagar -Belthur,,3,,F53333,FFFFFF,1.0,,,,331E :Shivajinagar -Belthur,False,
331M,BMTCB,,Shivajinagar -Hosakote,,3,,F53333,FFFFFF,1.0,,,,331M :Shivajinagar -Hosakote,False,
332,BMTCB,,K R Market -Balagere,,3,,F53333,FFFFFF,1.0,,,,332:K R Market -Balagere,False,
333,BMTCB,,Kempegowda Bus Station -Marathahalli,,3,,F53333,FFFFFF,1.0,,,,333:Kempegowda Bus Station -Marathahalli,False,
333A,BMTCB,,Kempegowda Bus Station -Jagadeeshnagar,,3,,F53333,FFFFFF,1.0,,,,333A :Kempegowda Bus Station -Jagadeeshnagar,False,
333B,BMTCB,,Kempegowda Bus Station -AECS Layout (Kundalahalli),,3,,F53333,FFFFFF,1.0,,,,333B :Kempegowda Bus Station -AECS Layout (Kundalahalli),False,
333C,BMTCB,,Kempegowda Bus Station -Basavanagar,,3,,F53333,FFFFFF,1.0,,,,333C :Kempegowda Bus Station -Basavanagar,False,
333D,BMTCB,,Kempegowda Bus Station -Chinnappanahalli,,3,,F53333,FFFFFF,1.0,,,,333D :Kempegowda Bus Station -Chinnappanahalli,False,
333E,BMTCB,,Kempegowda Bus Station -Kadugodi,,3,,F53333,FFFFFF,1.0,,,,333E :Kempegowda Bus Station -Kadugodi,False,
333F,BMTCB,,Kempegowda Bus Station -Doddanekkundi,,3,,F53333,FFFFFF,1.0,,,,333F :Kempegowda Bus Station -Doddanekkundi,False,
333G,BMTCB,,Kempegowda Bus Station -Nellurahalli,,3,,F53333,FFFFFF,1.0,,,,333G :Kempegowda Bus Station -Nellurahalli,False,
333H,BMTCB,,Kempegowda Bus Station -Munnekolalu,,3,,F53333,FFFFFF,1.0,,,,333H :Kempegowda Bus Station -Munnekolalu,False,
333J,BMTCB,,Kempegowda Bus Station -HAL Airport,,3,,F53333,FFFFFF,1.0,,,,333J :Kempegowda Bus Station -HAL Airport,False,
333K,BMTCB,,Kempegowda Bus Station -Dr Ambedkar Nagar,,3,,F53333,FFFFFF,1.0,,,,333K :Kempegowda Bus Station -Dr Ambedkar Nagar,False,
333L,BMTCB,,Chandra Layout -Whitefield Railway Station,,3,,F53333,FFFFFF,1.0,,,,333L :Chandra Layout -Whitefield Railway Station,False,
333M,BMTCB,,Kempegowda Bus Station -Ashwathnagar (Marathahalli),,3,,F53333,FFFFFF,1.0,,,,333M :Kempegowda Bus Station -Ashwathnagar (Marathahalli),False,
333N,BMTCB,,Kempegowda Bus Station -Seetharampalya,,3,,F53333,FFFFFF,1.0,,,,333N :Kempegowda Bus Station -Seetharampalya,False,
333R,BMTCB,,Kempegowda Bus Station -Marathahalli Bridge,,3,,F53333,FFFFFF,1.0,,,,333R :Kempegowda Bus Station -Marathahalli Bridge,False,
334B,BMTCB,,K R Market -B Nagasandra,,3,,F53333,FFFFFF,1.0,,,,334B :K R Market -B Nagasandra,False,
334C,BMTCB,,Kempegowda Bus Station -B Nagasandra,,3,,F53333,FFFFFF,1.0,,,,334C :Kempegowda Bus Station -B Nagasandra,False,
334D,BMTCB,,Kempegowda Bus Station -Varthur,,3,,F53333,FFFFFF,1.0,,,,334D :Kempegowda Bus Station -Varthur,False,
334E,BMTCB,,Domlur-Hosakote,,3,,F53333,FFFFFF,1.0,,,,334E :Domlur-Hosakote,False,
335,BMTCB,,K R Market -Sathya Sai Hospital,,3,,F53333,FFFFFF,1.0,,,,335:K R Market -Sathya Sai Hospital,False,
335A,BMTCB,,Kempegowda Bus Station -Sathya Sai Hospital,,3,,F53333,FFFFFF,1.0,,,,335A :Kempegowda Bus Station -Sathya Sai Hospital,False,
335B,BMTCB,,K R Market -Basavanagar,,3,,F53333,FFFFFF,1.0,,,,335B :K R Market -Basavanagar,False,
335C,BMTCB,,K R Market -L B Shastrinagar,,3,,F53333,FFFFFF,1.0,,,,335C :K R Market -L B Shastrinagar,False,
335D,BMTCB,,K R Market -AECS Layout (Kundalahalli),,3,,F53333,FFFFFF,1.0,,,,335D :K R Market -AECS Layout (Kundalahalli),False,
335E,BMTCB,,Kempegowda Bus Station -Kundalahalli,,3,,F53333,FFFFFF,1.0,,,,335E :Kempegowda Bus Station -Kundalahalli,False,
335F,BMTCB,,Kempegowda Bus Station -L B Shastrinagar,,3,,F53333,FFFFFF,1.0,,,,335F :Kempegowda Bus Station -L B Shastrinagar,False,
335G,BMTCB,,Vijayanagar -Vydehi Hospital,,3,,F53333,FFFFFF,1.0,,,,335G :Vijayanagar -Vydehi Hospital,False,
335H,BMTCB,,HAL Main Gate -Kadugodi,,3,,F53333,FFFFFF,1.0,,,,335H :HAL Main Gate -Kadugodi,False,
336,BMTCB,,K R Market -Panathur,,3,,F53333,FFFFFF,1.0,,,,336:K R Market -Panathur,False,
336A,BMTCB,,K R Market -Kempapura (Varthur Road),,3,,F53333,FFFFFF,1.0,,,,336A :K R Market -Kempapura (Varthur Road),False,
336B,BMTCB,,Kempegowda Bus Station -Kempapura (Varthur Road),,3,,F53333,FFFFFF,1.0,,,,336B :Kempegowda Bus Station -Kempapura (Varthur Road),False,
337,BMTCB,,K R Market -Doddanekkundi,,3,,F53333,FFFFFF,1.0,,,,337:K R Market -Doddanekkundi,False,
338,BMTCB,,K R Market -Munnekolalu,,3,,F53333,FFFFFF,1.0,,,,338:K R Market -Munnekolalu,False,
339,BMTCB,,Shivajinagar -Panathur,,3,,F53333,FFFFFF,1.0,,,,339:Shivajinagar -Panathur,False,
339E,BMTCB,,Shivajinagar -Gunjur,,3,,F53333,FFFFFF,1.0,,,,339E :Shivajinagar -Gunjur,False,
340,BMTCB,,K R Market -Gunjurpalya,,3,,F53333,FFFFFF,1.0,,,,340:K R Market -Gunjurpalya,False,
340A,BMTCB,,Kempegowda Bus Station -Parangipalya,,3,,F53333,FFFFFF,1.0,,,,340A :Kempegowda Bus Station -Parangipalya,False,
340B,BMTCB,,K R Market -Panathur,,3,,F53333,FFFFFF,1.0,,,,340B :K R Market -Panathur,False,
340C,BMTCB,,Jayanagar 4th Block -Parangipalya,,3,,F53333,FFFFFF,1.0,,,,340C :Jayanagar 4th Block -Parangipalya,False,
340D,BMTCB,,K R Market -Valepura,,3,,F53333,FFFFFF,1.0,,,,340D :K R Market -Valepura,False,
340E,BMTCB,,Kodathi -K R Puram,,3,,F53333,FFFFFF,1.0,,,,340E :Kodathi -K R Puram,False,
340F,BMTCB,,Shivajinagar -Parangipalya,,3,,F53333,FFFFFF,1.0,,,,340F :Shivajinagar -Parangipalya,False,
340H,BMTCB,,Kempegowda Bus Station -HSR Layout 2nd Sector,,3,,F53333,FFFFFF,1.0,,,,340H :Kempegowda Bus Station -HSR Layout 2nd Sector,False,
340J,BMTCB,,K R Market -Kannalli,,3,,F53333,FFFFFF,1.0,,,,340J :K R Market -Kannalli,False,
340K,BMTCB,,K R Market -Somasundarapalya,,3,,F53333,FFFFFF,1.0,,,,340K :K R Market -Somasundarapalya,False,
340M,BMTCB,,Kempegowda Bus Station -HSR Layout 2nd Sector,,3,,F53333,FFFFFF,1.0,,,,340M :Kempegowda Bus Station -HSR Layout 2nd Sector,False,
340Q,BMTCB,,St John's Hospital -Shikaripalya,,3,,F53333,FFFFFF,1.0,,,,340Q :St John's Hospital -Shikaripalya,False,
340S,BMTCB,,Shivajinagar -Parangipalya,,3,,F53333,FFFFFF,1.0,,,,340S :Shivajinagar -Parangipalya,False,
341,BMTCB,,K R Market -Bellandur,,3,,F53333,FFFFFF,1.0,,,,341:K R Market -Bellandur,False,
341A,BMTCB,,K R Market -Haralur (Sarjapur Road),,3,,F53333,FFFFFF,1.0,,,,341A :K R Market -Haralur (Sarjapur Road),False,
341B,BMTCB,,K R Market -Choodasandra,,3,,F53333,FFFFFF,1.0,,,,341B :K R Market -Choodasandra,False,
341C,BMTCB,,K R Market -Kodandaramanagar,,3,,F53333,FFFFFF,1.0,,,,341C :K R Market -Kodandaramanagar,False,
341D,BMTCB,,Kempegowda Bus Station -Bellandur,,3,,F53333,FFFFFF,1.0,,,,341D :Kempegowda Bus Station -Bellandur,False,
341E,BMTCB,,Kempegowda Bus Station -Haralur (Sarjapur Road),,3,,F53333,FFFFFF,1.0,,,,341E :Kempegowda Bus Station -Haralur (Sarjapur Road),False,
341G,BMTCB,,Shivajinagar -Haralur (Sarjapur Road),,3,,F53333,FFFFFF,1.0,,,,341G :Shivajinagar -Haralur (Sarjapur Road),False,
341H,BMTCB,,Marathahalli -Shikaripalya,,3,,F53333,FFFFFF,1.0,,,,341H :Marathahalli -Shikaripalya,False,
342,BMTCB,,K R Market -Dommasandra,,3,,F53333,FFFFFF,1.0,,,,342:K R Market -Dommasandra,False,
342A,BMTCB,,K R Market -Sarjapur,,3,,F53333,FFFFFF,1.0,,,,342A :K R Market -Sarjapur,False,
342B,BMTCB,,K R Market -Muthanallur,,3,,F53333,FFFFFF,1.0,,,,342B :K R Market -Muthanallur,False,
342C,BMTCB,,K R Market -Chokkasandra (Sarjapur Road),,3,,F53333,FFFFFF,1.0,,,,342C :K R Market -Chokkasandra (Sarjapur Road),False,
342D,BMTCB,,K R Market -Varthur,,3,,F53333,FFFFFF,1.0,,,,342D :K R Market -Varthur,False,
342E,BMTCB,,K R Market -Thindlu (Sarjapur),,3,,F53333,FFFFFF,1.0,,,,342E :K R Market -Thindlu (Sarjapur),False,
342F,BMTCB,,Kempegowda Bus Station -Sarjapur,,3,,F53333,FFFFFF,1.0,,,,342F :Kempegowda Bus Station -Sarjapur,False,
342FA,BMTCB,,Kempegowda Bus Station -Bidaraguppe,,3,,F53333,FFFFFF,1.0,,,,342FA :Kempegowda Bus Station -Bidaraguppe,False,
342G,BMTCB,,K R Market -Bikkana Hosahalli,,3,,F53333,FFFFFF,1.0,,,,342G :K R Market -Bikkana Hosahalli,False,
342H,BMTCB,,St John's Hospital -Sarjapur,,3,,F53333,FFFFFF,1.0,,,,342H :St John's Hospital -Sarjapur,False,
342J,BMTCB,,K R Market -Valagere Kallahalli,,3,,F53333,FFFFFF,1.0,,,,342J :K R Market -Valagere Kallahalli,False,
342K,BMTCB,,K R Market -Adigara Kallahalli,,3,,F53333,FFFFFF,1.0,,,,342K :K R Market -Adigara Kallahalli,False,
342L,BMTCB,,K R Market -Doddathimmasandra,,3,,F53333,FFFFFF,1.0,,,,342L :K R Market -Doddathimmasandra,False,
342M,BMTCB,,K R Market -Maranagere,,3,,F53333,FFFFFF,1.0,,,,342M :K R Market -Maranagere,False,
342MA,BMTCB,,K R Market -Ganagaluru,,3,,F53333,FFFFFF,1.0,,,,342MA :K R Market -Ganagaluru,False,
342N,BMTCB,,K R Market -Kommasandra,,3,,F53333,FFFFFF,1.0,,,,342N :K R Market -Kommasandra,False,
342P,BMTCB,,K R Puram -Sulakunte Dinne,,3,,F53333,FFFFFF,1.0,,,,342P :K R Puram -Sulakunte Dinne,False,
342Q,BMTCB,,K R Market -Kodathi,,3,,F53333,FFFFFF,1.0,,,,342Q :K R Market -Kodathi,False,
342R,BMTCB,,Shivajinagar -Sarjapur,,3,,F53333,FFFFFF,1.0,,,,342R :Shivajinagar -Sarjapur,False,
342S,BMTCB,,St John's Hospital -Kannalli,,3,,F53333,FFFFFF,1.0,,,,342S :St John's Hospital -Kannalli,False,
342T,BMTCB,,K R Market -Bikkanahalli,,3,,F53333,FFFFFF,1.0,,,,342T :K R Market -Bikkanahalli,False,
342U,BMTCB,,K R Market -Pandithana Agrahara,,3,,F53333,FFFFFF,1.0,,,,342U :K R Market -Pandithana Agrahara,False,
342V,BMTCB,,K R Market -Arenur,,3,,F53333,FFFFFF,1.0,,,,342V :K R Market -Arenur,False,
342VA,BMTCB,,K R Market -Handenahalli (Hosur Road),,3,,F53333,FFFFFF,1.0,,,,342VA :K R Market -Handenahalli (Hosur Road),False,
342W,BMTCB,,K R Market -Chikkadasarahalli,,3,,F53333,FFFFFF,1.0,,,,342W :K R Market -Chikkadasarahalli,False,
342WA,BMTCB,,Shivajinagar -Kootaganahalli,,3,,F53333,FFFFFF,1.0,,,,342WA :Shivajinagar -Kootaganahalli,False,
342Y,BMTCB,,K R Market -Thiruvaranga,,3,,F53333,FFFFFF,1.0,,,,342Y :K R Market -Thiruvaranga,False,
342Z,BMTCB,,K R Market -Mattanahalli,,3,,F53333,FFFFFF,1.0,,,,342Z :K R Market -Mattanahalli,False,
343,BMTCB,,K R Market -Begur (Hosur Road),,3,,F53333,FFFFFF,1.0,,,,343:K R Market -Begur (Hosur Road),False,
343A,BMTCB,,Kempegowda Bus Station -Hullahalli,,3,,F53333,FFFFFF,1.0,,,,343A :Kempegowda Bus Station -Hullahalli,False,
343B,BMTCB,,Kempegowda Bus Station -Kodichikkanahalli,,3,,F53333,FFFFFF,1.0,,,,343B :Kempegowda Bus Station -Kodichikkanahalli,False,
343C,BMTCB,,Kempegowda Bus Station -Sriramnagar,,3,,F53333,FFFFFF,1.0,,,,343C :Kempegowda Bus Station -Sriramnagar,False,
343D,BMTCB,,K R Market -Kodichikkanahalli,,3,,F53333,FFFFFF,1.0,,,,343D :K R Market -Kodichikkanahalli,False,
343E,BMTCB,,Kempegowda Bus Station -Begur (Hosur Road),,3,,F53333,FFFFFF,1.0,,,,343E :Kempegowda Bus Station -Begur (Hosur Road),False,
343F,BMTCB,,K R Market -Viratnagar,,3,,F53333,FFFFFF,1.0,,,,343F :K R Market -Viratnagar,False,
343G,BMTCB,,K R Market -Yelenahalli,,3,,F53333,FFFFFF,1.0,,,,343G :K R Market -Yelenahalli,False,
343H,BMTCB,,K R Market -Hongasandra,,3,,F53333,FFFFFF,1.0,,,,343H :K R Market -Hongasandra,False,
343J,BMTCB,,K R Market -Mylasandra (Begur),,3,,F53333,FFFFFF,1.0,,,,343J :K R Market -Mylasandra (Begur),False,
343K,BMTCB,,Kempegowda Bus Station -Begur Vishwapriya Layout,,3,,F53333,FFFFFF,1.0,,,,343K :Kempegowda Bus Station -Begur Vishwapriya Layout,False,
344,BMTCB,,K R Market -Jigani,,3,,F53333,FFFFFF,1.0,,,,344:K R Market -Jigani,False,
344A,BMTCB,,K R Market -Haragadde,,3,,F53333,FFFFFF,1.0,,,,344A :K R Market -Haragadde,False,
344C,BMTCB,,K R Market -Bettadasanapura,,3,,F53333,FFFFFF,1.0,,,,344C :K R Market -Bettadasanapura,False,
344D,BMTCB,,K R Market -Vittasandra,,3,,F53333,FFFFFF,1.0,,,,344D :K R Market -Vittasandra,False,
345,BMTCB,,K R Market -Hulimangala,,3,,F53333,FFFFFF,1.0,,,,345:K R Market -Hulimangala,False,
345A,BMTCB,,Kempegowda Bus Station -Hulimangala,,3,,F53333,FFFFFF,1.0,,,,345A :Kempegowda Bus Station -Hulimangala,False,
345E,BMTCB,,K R Market -Kyalasanahalli (Hosur Road),,3,,F53333,FFFFFF,1.0,,,,345E :K R Market -Kyalasanahalli (Hosur Road),False,
346,BMTCB,,Kempegowda Bus Station -Shikaripalya,,3,,F53333,FFFFFF,1.0,,,,346:Kempegowda Bus Station -Shikaripalya,False,
346A,BMTCB,,K R Market -Shikaripalya,,3,,F53333,FFFFFF,1.0,,,,346A :K R Market -Shikaripalya,False,
346B,BMTCB,,K R Market -Dodda Nagamangala,,3,,F53333,FFFFFF,1.0,,,,346B :K R Market -Dodda Nagamangala,False,
346C,BMTCB,,K R Market -Rayasandra,,3,,F53333,FFFFFF,1.0,,,,346C :K R Market -Rayasandra,False,
346D,BMTCB,,K R Market -Chikka Nagamangala,,3,,F53333,FFFFFF,1.0,,,,346D :K R Market -Chikka Nagamangala,False,
346E,BMTCB,,K R Market -Doddatogur,,3,,F53333,FFFFFF,1.0,,,,346E :K R Market -Doddatogur,False,
346F,BMTCB,,K R Market -Bandenallasandra,,3,,F53333,FFFFFF,1.0,,,,346F :K R Market -Bandenallasandra,False,
346H,BMTCB,,Shanthinagar Bus Station -Parappana Agrahara,,3,,F53333,FFFFFF,1.0,,,,346H :Shanthinagar Bus Station -Parappana Agrahara,False,
346J,BMTCB,,K R Market -Central Jail,,3,,F53333,FFFFFF,1.0,,,,346J :K R Market -Central Jail,False,
346K,BMTCB,,K R Market -Hulimangala,,3,,F53333,FFFFFF,1.0,,,,346K :K R Market -Hulimangala,False,
346M,BMTCB,,K R Market -Gollahalli (Hosur Road),,3,,F53333,FFFFFF,1.0,,,,346M :K R Market -Gollahalli (Hosur Road),False,
346N,BMTCB,,Kempegowda Bus Station -Doddatogur,,3,,F53333,FFFFFF,1.0,,,,346N :Kempegowda Bus Station -Doddatogur,False,
346Q,BMTCB,,K R Market -Vabasandra,,3,,F53333,FFFFFF,1.0,,,,346Q :K R Market -Vabasandra,False,
347,BMTCB,,K R Market -Kudlu,,3,,F53333,FFFFFF,1.0,,,,347:K R Market -Kudlu,False,
347B,BMTCB,,Kempegowda Bus Station -Kudlu,,3,,F53333,FFFFFF,1.0,,,,347B :Kempegowda Bus Station -Kudlu,False,
347C,BMTCB,,K R Market -Chikka Begur,,3,,F53333,FFFFFF,1.0,,,,347C :K R Market -Chikka Begur,False,
347D,BMTCB,,K R Market -Somasundarapalya,,3,,F53333,FFFFFF,1.0,,,,347D :K R Market -Somasundarapalya,False,
347E,BMTCB,,Kempegowda Bus Station -Somasundarapalya,,3,,F53333,FFFFFF,1.0,,,,347E :Kempegowda Bus Station -Somasundarapalya,False,
347F,BMTCB,,Kempegowda Bus Station -Central Jail,,3,,F53333,FFFFFF,1.0,,,,347F :Kempegowda Bus Station -Central Jail,False,
347G,BMTCB,,Shivajinagar -Central Jail,,3,,F53333,FFFFFF,1.0,,,,347G :Shivajinagar -Central Jail,False,
348,BMTCB,,Kempegowda Bus Station -Teachers Colony,,3,,F53333,FFFFFF,1.0,,,,348:Kempegowda Bus Station -Teachers Colony,False,
348A,BMTCB,,Kempegowda Bus Station -Mangammanapalya,,3,,F53333,FFFFFF,1.0,,,,348A :Kempegowda Bus Station -Mangammanapalya,False,
348B,BMTCB,,K R Market -Mangammanapalya,,3,,F53333,FFFFFF,1.0,,,,348B :K R Market -Mangammanapalya,False,
348D,BMTCB,,Shivajinagar -Mangammanapalya,,3,,F53333,FFFFFF,1.0,,,,348D :Shivajinagar -Mangammanapalya,False,
348E,BMTCB,,Yeshwanthpur Regulated Market -Mangammanapalya,,3,,F53333,FFFFFF,1.0,,,,348E :Yeshwanthpur Regulated Market -Mangammanapalya,False,
348F,BMTCB,,Kempegowda Bus Station -Agara (Sarjapur Road),,3,,F53333,FFFFFF,1.0,,,,348F :Kempegowda Bus Station -Agara (Sarjapur Road),False,
348G,BMTCB,,Kempegowda Bus Station -Hosapalya (Hosur Road),,3,,F53333,FFFFFF,1.0,,,,348G :Kempegowda Bus Station -Hosapalya (Hosur Road),False,
348J,BMTCB,,Kempegowda Bus Station -HSR Layout BDA Complex,,3,,F53333,FFFFFF,1.0,,,,348J :Kempegowda Bus Station -HSR Layout BDA Complex,False,
348K,BMTCB,,Kempegowda Bus Station -Teachers Colony,,3,,F53333,FFFFFF,1.0,,,,348K :Kempegowda Bus Station -Teachers Colony,False,
349,BMTCB,,K R Market -Huskur (Hosur Road),,3,,F53333,FFFFFF,1.0,,,,349:K R Market -Huskur (Hosur Road),False,
349A,BMTCB,,K R Market -Handenahalli (Hosur Road),,3,,F53333,FFFFFF,1.0,,,,349A :K R Market -Handenahalli (Hosur Road),False,
349B,BMTCB,,K R Market -Gattahalli,,3,,F53333,FFFFFF,1.0,,,,349B :K R Market -Gattahalli,False,
349C,BMTCB,,Kempegowda Bus Station -Huskur (Hosur Road),,3,,F53333,FFFFFF,1.0,,,,349C :Kempegowda Bus Station -Huskur (Hosur Road),False,
349D,BMTCB,,K R Market -Huskur (Hosur Road),,3,,F53333,FFFFFF,1.0,,,,349D :K R Market -Huskur (Hosur Road),False,
349E,BMTCB,,K R Market -Chintala Madiwala,,3,,F53333,FFFFFF,1.0,,,,349E :K R Market -Chintala Madiwala,False,
349F,BMTCB,,K R Market -Chikka Thimmasandra,,3,,F53333,FFFFFF,1.0,,,,349F :K R Market -Chikka Thimmasandra,False,
349G,BMTCB,,K R Market -S Agrahara Fruit Market,,3,,F53333,FFFFFF,1.0,,,,349G :K R Market -S Agrahara Fruit Market,False,
349J,BMTCB,,Kempegowda Bus Station -Harohalli (Hosur Road),,3,,F53333,FFFFFF,1.0,,,,349J :Kempegowda Bus Station -Harohalli (Hosur Road),False,
349K,BMTCB,,Shivajinagar -Huskur (Hosur Road),,3,,F53333,FFFFFF,1.0,,,,349K :Shivajinagar -Huskur (Hosur Road),False,
350,BMTCB,,K R Market -Adigondanahalli,,3,,F53333,FFFFFF,1.0,,,,350:K R Market -Adigondanahalli,False,
350A,BMTCB,,K R Market -Thirupalya,,3,,F53333,FFFFFF,1.0,,,,350A :K R Market -Thirupalya,False,
350B,BMTCB,,K R Market -Muthanallur,,3,,F53333,FFFFFF,1.0,,,,350B :K R Market -Muthanallur,False,
350D,BMTCB,,K R Market -Sampigenagar,,3,,F53333,FFFFFF,1.0,,,,350D :K R Market -Sampigenagar,False,
350E,BMTCB,,K R Market -Nanjapura,,3,,F53333,FFFFFF,1.0,,,,350E :K R Market -Nanjapura,False,
350G,BMTCB,,K R Market -Bommasandra,,3,,F53333,FFFFFF,1.0,,,,350G :K R Market -Bommasandra,False,
351,BMTCB,,K R Market -Narayanaghatta,,3,,F53333,FFFFFF,1.0,,,,351:K R Market -Narayanaghatta,False,
351A,BMTCB,,Kempegowda Bus Station -Narayanaghatta,,3,,F53333,FFFFFF,1.0,,,,351A :Kempegowda Bus Station -Narayanaghatta,False,
351C,BMTCB,,K R Market -Ramasagara,,3,,F53333,FFFFFF,1.0,,,,351C :K R Market -Ramasagara,False,
351H,BMTCB,,K R Market -Sigena Agrahara,,3,,F53333,FFFFFF,1.0,,,,351H :K R Market -Sigena Agrahara,False,
351J,BMTCB,,Kempegowda Bus Station -Handenahalli (Hosur Road),,3,,F53333,FFFFFF,1.0,,,,351J :Kempegowda Bus Station -Handenahalli (Hosur Road),False,
352,BMTCB,,K R Market -Hennagara,,3,,F53333,FFFFFF,1.0,,,,352:K R Market -Hennagara,False,
352A,BMTCB,,Kempegowda Bus Station -Hennagara,,3,,F53333,FFFFFF,1.0,,,,352A :Kempegowda Bus Station -Hennagara,False,
352B,BMTCB,,Kempegowda Bus Station -Mastenahalli,,3,,F53333,FFFFFF,1.0,,,,352B :Kempegowda Bus Station -Mastenahalli,False,
352E,BMTCB,,K R Market -Mastenahalli,,3,,F53333,FFFFFF,1.0,,,,352E :K R Market -Mastenahalli,False,
353,BMTCB,,K R Market -Ramakrishnapura,,3,,F53333,FFFFFF,1.0,,,,353:K R Market -Ramakrishnapura,False,
353A,BMTCB,,K R Market -Rajapura,,3,,F53333,FFFFFF,1.0,,,,353A :K R Market -Rajapura,False,
353B,BMTCB,,Chandapura -Jigani,,3,,F53333,FFFFFF,1.0,,,,353B :Chandapura -Jigani,False,
353C,BMTCB,,K R Market -Jigani,,3,,F53333,FFFFFF,1.0,,,,353C :K R Market -Jigani,False,
353E,BMTCB,,K R Market -Hinnakki,,3,,F53333,FFFFFF,1.0,,,,353E :K R Market -Hinnakki,False,
354,BMTCB,,K R Market -Shettyhalli (Hosur Road),,3,,F53333,FFFFFF,1.0,,,,354:K R Market -Shettyhalli (Hosur Road),False,
354A,BMTCB,,K R Market -Marasur (Hosur Road),,3,,F53333,FFFFFF,1.0,,,,354A :K R Market -Marasur (Hosur Road),False,
354C,BMTCB,,Kempegowda Bus Station -Marasur (Hosur Road),,3,,F53333,FFFFFF,1.0,,,,354C :Kempegowda Bus Station -Marasur (Hosur Road),False,
355,BMTCB,,K R Market -Srirampura (Hosur Road),,3,,F53333,FFFFFF,1.0,,,,355:K R Market -Srirampura (Hosur Road),False,
355A,BMTCB,,Kempegowda Bus Station -Srirampura (Hosur Road),,3,,F53333,FFFFFF,1.0,,,,355A :Kempegowda Bus Station -Srirampura (Hosur Road),False,
355B,BMTCB,,K R Market -K Vinayakanagar,,3,,F53333,FFFFFF,1.0,,,,355B :K R Market -K Vinayakanagar,False,
355C,BMTCB,,Kempegowda Bus Station -Jigani APC,,3,,F53333,FFFFFF,1.0,,,,355C :Kempegowda Bus Station -Jigani APC,False,
356,BMTCB,,Kempegowda Bus Station -Chandapura,,3,,F53333,FFFFFF,1.0,,,,356:Kempegowda Bus Station -Chandapura,False,
356A,BMTCB,,Kempegowda Bus Station -Tattanahalli,,3,,F53333,FFFFFF,1.0,,,,356A :Kempegowda Bus Station -Tattanahalli,False,
356C,BMTCB,,Kempegowda Bus Station -Electronic City,,3,,F53333,FFFFFF,1.0,,,,356C :Kempegowda Bus Station -Electronic City,False,
356CA,BMTCB,,Kempegowda Bus Station -Shikaripalya,,3,,F53333,FFFFFF,1.0,,,,356CA :Kempegowda Bus Station -Shikaripalya,False,
356D,BMTCB,,Kempegowda Bus Station -Ananthanagar,,3,,F53333,FFFFFF,1.0,,,,356D :Kempegowda Bus Station -Ananthanagar,False,
356E,BMTCB,,Kempegowda Bus Station -Helalige,,3,,F53333,FFFFFF,1.0,,,,356E :Kempegowda Bus Station -Helalige,False,
356F,BMTCB,,K R Market -Adosonnahatti,,3,,F53333,FFFFFF,1.0,,,,356F :K R Market -Adosonnahatti,False,
356G,BMTCB,,Shanthinagar Bus Station -Electronic City,,3,,F53333,FFFFFF,1.0,,,,356G :Shanthinagar Bus Station -Electronic City,False,
356J,BMTCB,,Yelahanka Satellite Town 5th stage- Electronic City,,3,,F53333,FFFFFF,1.0,,,,356J: Yelahanka Satellite town 5th stage- Electronic City,False,
356M,BMTCB,,Kempegowda Bus Station -Anekal,,3,,F53333,FFFFFF,1.0,,,,356M :Kempegowda Bus Station -Anekal,False,
356S,BMTCB,,Shanthinagar Bus Station -Chandapura,,3,,F53333,FFFFFF,1.0,,,,356S :Shanthinagar Bus Station -Chandapura,False,
357,BMTCB,,K R Market -Chandapura,,3,,F53333,FFFFFF,1.0,,,,357:K R Market -Chandapura,False,
357A,BMTCB,,Kempegowda Bus Station -M Madiwala,,3,,F53333,FFFFFF,1.0,,,,357A :Kempegowda Bus Station -M Madiwala,False,
358,BMTCB,,K R Market -Mayasandra (Hosur Road),,3,,F53333,FFFFFF,1.0,,,,358:K R Market -Mayasandra (Hosur Road),False,
359,BMTCB,,K R Market -Gudahatti,,3,,F53333,FFFFFF,1.0,,,,359:K R Market -Gudahatti,False,
359A,BMTCB,,Kempegowda Bus Station -Jigala,,3,,F53333,FFFFFF,1.0,,,,359A :Kempegowda Bus Station -Jigala,False,
360,BMTCB,,K R Market -Attibele,,3,,F53333,FFFFFF,1.0,,,,360:K R Market -Attibele,False,
360A,BMTCB,,K R Market -Attibele Border,,3,,F53333,FFFFFF,1.0,,,,360A :K R Market -Attibele Border,False,
360B,BMTCB,,Kempegowda Bus Station -Attibele,,3,,F53333,FFFFFF,1.0,,,,360B :Kempegowda Bus Station -Attibele,False,
360D,BMTCB,,K R Market -Manchanahalli (Hosur Road),,3,,F53333,FFFFFF,1.0,,,,360D :K R Market -Manchanahalli (Hosur Road),False,
360E,BMTCB,,K R Market -Bidaraguppe,,3,,F53333,FFFFFF,1.0,,,,360E :K R Market -Bidaraguppe,False,
360F,BMTCB,,Shivajinagar -Attibele,,3,,F53333,FFFFFF,1.0,,,,360F :Shivajinagar -Attibele,False,
360G,BMTCB,,Shivajinagar -Attibele,,3,,F53333,FFFFFF,1.0,,,,360G :Shivajinagar -Attibele,False,
360K,BMTCB,,Kempegowda Bus Station -Attibele Border,,3,,F53333,FFFFFF,1.0,,,,360K :Kempegowda Bus Station -Attibele Border,False,
360M,BMTCB,,K R Market -Adigondanahalli,,3,,F53333,FFFFFF,1.0,,,,360M :K R Market -Adigondanahalli,False,
361,BMTCB,,K R Market -Siddi Hosakote,,3,,F53333,FFFFFF,1.0,,,,361:K R Market -Siddi Hosakote,False,
361A,BMTCB,,K R Market -Soppahalli,,3,,F53333,FFFFFF,1.0,,,,361A :K R Market -Soppahalli,False,
361C,BMTCB,,K.R.Market-Anekal,,3,,F53333,FFFFFF,1.0,,,,361C:K.R.Market-Anekal,False,
362C,BMTCB,,Shivajinagar -Begur (Hosur Road),,3,,F53333,FFFFFF,1.0,,,,362C :Shivajinagar -Begur (Hosur Road),False,
363,BMTCB,,Shanthinagar Bus Station -MICO Shramajeevi Colony,,3,,F53333,FFFFFF,1.0,,,,363:Shanthinagar Bus Station -MICO Shramajeevi Colony,False,
364,BMTCB,,K R Market -Yelenahalli,,3,,F53333,FFFFFF,1.0,,,,364:K R Market -Yelenahalli,False,
364A,BMTCB,,Kempegowda Bus Station -MICO Shramajeevi Colony,,3,,F53333,FFFFFF,1.0,,,,364A :Kempegowda Bus Station -MICO Shramajeevi Colony,False,
364B,BMTCB,,Kempegowda Bus Station -Devarachikkanahalli,,3,,F53333,FFFFFF,1.0,,,,364B :Kempegowda Bus Station -Devarachikkanahalli,False,
364C,BMTCB,,Kempegowda Bus Station -Vijaya Bank Colony,,3,,F53333,FFFFFF,1.0,,,,364C :Kempegowda Bus Station -Vijaya Bank Colony,False,
364D,BMTCB,,Devarachikkanhalli- Vijayanagar,,3,,F53333,FFFFFF,1.0,,,,364D: Devarachikkanhalli- Vijayanagar,False,
364E,BMTCB,,Bhoopasandra -Devarachikkanahalli,,3,,F53333,FFFFFF,1.0,,,,364E :Bhoopasandra -Devarachikkanahalli,False,
364F,BMTCB,,Kempegowda Bus Station -Nyanappanahalli,,3,,F53333,FFFFFF,1.0,,,,364F :Kempegowda Bus Station -Nyanappanahalli,False,
364G,BMTCB,,Kempegowda Bus Station -Kodichikkanahalli,,3,,F53333,FFFFFF,1.0,,,,364G :Kempegowda Bus Station -Kodichikkanahalli,False,
364K,BMTCB,,K.R.Market-Brigade millenium(J.P.Nagar),,3,,F53333,FFFFFF,1.0,,,,364K:K.R.Market-Brigade millenium(J.P.Nagar),False,
365,BMTCB,,Kempegowda Bus Station -Bannerghatta National Park,,3,,F53333,FFFFFF,1.0,,,,365:Kempegowda Bus Station -Bannerghatta National Park,False,
365A,BMTCB,,Kempegowda Bus Station -Haragadde,,3,,F53333,FFFFFF,1.0,,,,365A :Kempegowda Bus Station -Haragadde,False,
365B,BMTCB,,Kempegowda Bus Station -Sakalavara,,3,,F53333,FFFFFF,1.0,,,,365B :Kempegowda Bus Station -Sakalavara,False,
365C,BMTCB,,Shivajinagar -Bannerghatta National Park,,3,,F53333,FFFFFF,1.0,,,,365C :Shivajinagar -Bannerghatta National Park,False,
365E,BMTCB,,Kempegowda Bus Station -Shanubhoganahalli (Bannerghatta),,3,,F53333,FFFFFF,1.0,,,,365E :Kempegowda Bus Station -Shanubhoganahalli (Bannerghatta),False,
365J,BMTCB,,Kempegowda Bus Station -Jigani,,3,,F53333,FFFFFF,1.0,,,,365J :Kempegowda Bus Station -Jigani,False,
365K,BMTCB,,Kempegowda Bus Station -Chettekerepalya,,3,,F53333,FFFFFF,1.0,,,,365K :Kempegowda Bus Station -Chettekerepalya,False,
365L,BMTCB,,Shanthinagar Bus Station -Bannerghatta National Park,,3,,F53333,FFFFFF,1.0,,,,365L :Shanthinagar Bus Station -Bannerghatta National Park,False,
365M,BMTCB,,Yelahanka Satellite Town 5th Phase -Bannerghatta National Park,,3,,F53333,FFFFFF,1.0,,,,365M :Yelahanka Satellite Town 5th Phase -Bannerghatta National Park,False,
365N,BMTCB,,Kempegowda Bus Station -Giddenahalli (Bannerghatta Road),,3,,F53333,FFFFFF,1.0,,,,365N :Kempegowda Bus Station -Giddenahalli (Bannerghatta Road),False,
365Q,BMTCB,,Kempegowda Bus Station -Devasandra (Bannerghatta Road),,3,,F53333,FFFFFF,1.0,,,,365Q :Kempegowda Bus Station -Devasandra (Bannerghatta Road),False,
365S,BMTCB,,Shanthinagar Bus Station -Bukkasagara,,3,,F53333,FFFFFF,1.0,,,,365S :Shanthinagar Bus Station -Bukkasagara,False,
366,BMTCB,,K R Market -Bannerghatta National Park,,3,,F53333,FFFFFF,1.0,,,,366:K R Market -Bannerghatta National Park,False,
366A,BMTCB,,K R Market -Devarachikkanahalli,,3,,F53333,FFFFFF,1.0,,,,366A :K R Market -Devarachikkanahalli,False,
366B,BMTCB,,K R Market -Haragadde,,3,,F53333,FFFFFF,1.0,,,,366B :K R Market -Haragadde,False,
366C,BMTCB,,K R Market -Shanubhoganahalli (Bannerghatta),,3,,F53333,FFFFFF,1.0,,,,366C :K R Market -Shanubhoganahalli (Bannerghatta),False,
366D,BMTCB,,K R Market -Mahantalingapura,,3,,F53333,FFFFFF,1.0,,,,366D :K R Market -Mahantalingapura,False,
366E,BMTCB,,K R Market -Jigani,,3,,F53333,FFFFFF,1.0,,,,366E :K R Market -Jigani,False,
366F,BMTCB,,K R Market -Bilavaradahalli,,3,,F53333,FFFFFF,1.0,,,,366F :K R Market -Bilavaradahalli,False,
366G,BMTCB,,K R Market -Nosenur,,3,,F53333,FFFFFF,1.0,,,,366G :K R Market -Nosenur,False,
366H,BMTCB,,Peenya 2nd Stage -Bannerghatta National Park,,3,,F53333,FFFFFF,1.0,,,,366H :Peenya 2nd Stage -Bannerghatta National Park,False,
366K,BMTCB,,K R Market -Uraganadoddi,,3,,F53333,FFFFFF,1.0,,,,366K :K R Market -Uraganadoddi,False,
366L,BMTCB,,K R Market -Bukkasagara,,3,,F53333,FFFFFF,1.0,,,,366L :K R Market -Bukkasagara,False,
366M,BMTCB,,K R Market -Byatarayanadoddi,,3,,F53333,FFFFFF,1.0,,,,366M :K R Market -Byatarayanadoddi,False,
366MA,BMTCB,,K.R.Market-Jaynagar-Byatarayanadoddi,,3,,F53333,FFFFFF,1.0,,,,366MA:K.R.Market-Jaynagar-Byatarayanadoddi,False,
366N,BMTCB,,K R Market -Giddenahalli (Bannerghatta Road),,3,,F53333,FFFFFF,1.0,,,,366N :K R Market -Giddenahalli (Bannerghatta Road),False,
366P,BMTCB,,Meenaksi Layout(Bagalkunte)-K.R.Market- Jayanagar- Bannerghatta National Park,,3,,F53333,FFFFFF,1.0,,,,366P:Meenaksi Layout(Bagalkunte)-K.R.Market- Jayanagar- Bannerghatta National Park,False,
366Q,BMTCB,,K R Market -Dyavasandra,,3,,F53333,FFFFFF,1.0,,,,366Q :K R Market -Dyavasandra,False,
366R,BMTCB,,K R Market -Vaddarapalya,,3,,F53333,FFFFFF,1.0,,,,366R :K R Market -Vaddarapalya,False,
366T,BMTCB,,K R Market -Lingapura,,3,,F53333,FFFFFF,1.0,,,,366T :K R Market -Lingapura,False,
366V,BMTCB,,K R Market -Nayanahalli,,3,,F53333,FFFFFF,1.0,,,,366V :K R Market -Nayanahalli,False,
366W,BMTCB,,K R Market -Vaderamanchanahalli,,3,,F53333,FFFFFF,1.0,,,,366W :K R Market -Vaderamanchanahalli,False,
366Y,BMTCB,,Bannerghatta National Park -Vijayanagar,,3,,F53333,FFFFFF,1.0,,,,366Y :Bannerghatta National Park -Vijayanagar,False,
366Z,BMTCB,,K R Market -Anekal,,3,,F53333,FFFFFF,1.0,,,,366Z :K R Market -Anekal,False,
367,BMTCB,,K R Market -Malenallasandra,,3,,F53333,FFFFFF,1.0,,,,367:K R Market -Malenallasandra,False,
367A,BMTCB,,K R Market -Gottigere,,3,,F53333,FFFFFF,1.0,,,,367A :K R Market -Gottigere,False,
367B,BMTCB,,K R Market -K R Market,"gottigere, Konanakunte cross,Banashankari",3,,F53333,FFFFFF,1.0,,,,367B :K R Market -K R Market,False,
367C,BMTCB,,K R Market -Chettekerepalya,,3,,F53333,FFFFFF,1.0,,,,367C :K R Market -Chettekerepalya,False,
367D,BMTCB,,K R Market -Lakshmipura (Bannerghatta Road),,3,,F53333,FFFFFF,1.0,,,,367D :K R Market -Lakshmipura (Bannerghatta Road),False,
368,BMTCB,,Shivajinagar -Bannerghatta National Park,,3,,F53333,FFFFFF,1.0,,,,368:Shivajinagar -Bannerghatta National Park,False,
368B,BMTCB,,Shivajinagar-Devarachikkanhalli,,3,,F53333,FFFFFF,1.0,,,,368B:Shivajinagar-Devarachikkanhalli,False,
368C,BMTCB,,Shivajinagar -Jigani,,3,,F53333,FFFFFF,1.0,,,,368C :Shivajinagar -Jigani,False,
368D,BMTCB,,Shivajinagar -Chikkakammanahalli,,3,,F53333,FFFFFF,1.0,,,,368D :Shivajinagar -Chikkakammanahalli,False,
368E,BMTCB,,Shivajinagar -MICO Shramajeevi Colony,,3,,F53333,FFFFFF,1.0,,,,368E :Shivajinagar -MICO Shramajeevi Colony,False,
369,BMTCB,,K R Market -Hulimavu,,3,,F53333,FFFFFF,1.0,,,,369:K R Market -Hulimavu,False,
369A,BMTCB,,K.R.Market-Lakshmidevi nagar,,3,,F53333,FFFFFF,1.0,,,,369A:K.R.Market-Lakshmidevi nagar,False,
369B,BMTCB,,K R Market -Arekere,,3,,F53333,FFFFFF,1.0,,,,369B :K R Market -Arekere,False,
369C,BMTCB,,Kempegowda Bus Station -Hulimavu,,3,,F53333,FFFFFF,1.0,,,,369C :Kempegowda Bus Station -Hulimavu,False,
369D,BMTCB,,Kempegowda Bus Station -Shantiniketan Layout,,3,,F53333,FFFFFF,1.0,,,,369D :Kempegowda Bus Station -Shantiniketan Layout,False,
369E,BMTCB,,K R Market -Chikkakammanahalli,,3,,F53333,FFFFFF,1.0,,,,369E :K R Market -Chikkakammanahalli,False,
369F,BMTCB,,Kempegowda Bus Station -AECS Dental College,,3,,F53333,FFFFFF,1.0,,,,369F :Kempegowda Bus Station -AECS Dental College,False,
369G,BMTCB,,Kempegowda Bus Station -Chikkakammanahalli,,3,,F53333,FFFFFF,1.0,,,,369G :Kempegowda Bus Station -Chikkakammanahalli,False,
369H,BMTCB,,Kempegowda Bus Station -MICO Shramajeevi Colony,,3,,F53333,FFFFFF,1.0,,,,369H :Kempegowda Bus Station -MICO Shramajeevi Colony,False,
369L,BMTCB,,K R Market -Yelenahalli,,3,,F53333,FFFFFF,1.0,,,,369L :K R Market -Yelenahalli,False,
369M,BMTCB,,Vijayanagar -Hulimavu,,3,,F53333,FFFFFF,1.0,,,,369M :Vijayanagar -Hulimavu,False,
370,BMTCB,,K R Market -Shivanahalli (Bannerghatta Road),,3,,F53333,FFFFFF,1.0,,,,370:K R Market -Shivanahalli (Bannerghatta Road),False,
370A,BMTCB,,K R Market -Jayapuradoddi,,3,,F53333,FFFFFF,1.0,,,,370A :K R Market -Jayapuradoddi,False,
370E,BMTCB,,Kempegowda Bus Station -Ramanayakanadoddi,,3,,F53333,FFFFFF,1.0,,,,370E :Kempegowda Bus Station -Ramanayakanadoddi,False,
371,BMTCB,,K R Market -Byatarayanadoddi,,3,,F53333,FFFFFF,1.0,,,,371:K R Market -Byatarayanadoddi,False,
371A,BMTCB,,K R Market -Kaggalipura,,3,,F53333,FFFFFF,1.0,,,,371A :K R Market -Kaggalipura,False,
371D,BMTCB,,Kempegowda Bus Station -Kaggalipura,,3,,F53333,FFFFFF,1.0,,,,371D :Kempegowda Bus Station -Kaggalipura,False,
372,BMTCB,,K R Market -Indlavadi,,3,,F53333,FFFFFF,1.0,,,,372:K R Market -Indlavadi,False,
372A,BMTCB,,K R Market -Chikkahosahalli,,3,,F53333,FFFFFF,1.0,,,,372A:K R Market -Chikkahosahalli,False,
372B,BMTCB,,K R Market -Konasandra,,3,,F53333,FFFFFF,1.0,,,,372B :K R Market -Konasandra,False,
372D,BMTCB,,K R Market -Suragajakkanahalli,,3,,F53333,FFFFFF,1.0,,,,372D :K R Market -Suragajakkanahalli,False,
372E,BMTCB,,K R Market -Chinnayyanapalya,,3,,F53333,FFFFFF,1.0,,,,372E :K R Market -Chinnayyanapalya,False,
372M,BMTCB,,K R Market -Thammanayakanahalli,,3,,F53333,FFFFFF,1.0,,,,372M :K R Market -Thammanayakanahalli,False,
373,BMTCB,,Kenchenahalli Gate -Mangammanapalya,,3,,F53333,FFFFFF,1.0,,,,373:Kenchenahalli Gate -Mangammanapalya,False,
373A,BMTCB,,Jayanagar 4th Block -Electronic City,,3,,F53333,FFFFFF,1.0,,,,373A :Jayanagar 4th Block -Electronic City,False,
373B,BMTCB,,Banashankari -Electronic City,,3,,F53333,FFFFFF,1.0,,,,373B :Banashankari -Electronic City,False,
373E,BMTCB,,Chikkalasandra Sarigenagar -Koramangala,,3,,F53333,FFFFFF,1.0,,,,373E :Chikkalasandra Sarigenagar -Koramangala,False,
373F,BMTCB,,Srinagar -Electronic City,,3,,F53333,FFFFFF,1.0,,,,373F :Srinagar -Electronic City,False,
373J,BMTCB,,Shantinagar-Gonipura,,3,,F53333,FFFFFF,1.0,,,,373J:Shantinagar-Gonipura,False,
373M,BMTCB,,Uttarahalli - Attibele,,3,,F53333,FFFFFF,1.0,,,,373M :Uttarahalli - Attibele,False,
374,BMTCB,,Jayanagar 4th Block -Jayanagar 4th Block,,3,,F53333,FFFFFF,1.0,,,,374:Jayanagar 4th Block -Jayanagar 4th Block,False,
374B,BMTCB,,Uttarahalli -Bannerghatta National Park,,3,,F53333,FFFFFF,1.0,,,,374B :Uttarahalli -Bannerghatta National Park,False,
374C,BMTCB,,Kengeri Housing Board Quarters -Bannerghatta National Park,,3,,F53333,FFFFFF,1.0,,,,374C :Kengeri Housing Board Quarters -Bannerghatta National Park,False,
375,BMTCB,,Jayanagar 4th Block -Kengeri Housing Board Quarters,,3,,F53333,FFFFFF,1.0,,,,375:Jayanagar 4th Block -Kengeri Housing Board Quarters,False,
375B,BMTCB,,Shantinagar-Kengeri Housing board,,3,,F53333,FFFFFF,1.0,,,,375B:Shantinagar-Kengeri Housing board,False,
376,BMTCB,,Hennur Cross -Huskur (Hosur Road),,3,,F53333,FFFFFF,1.0,,,,376:Hennur Cross -Huskur (Hosur Road),False,
377,BMTCB,,Kaggalipura -Nelamangala,,3,,F53333,FFFFFF,1.0,,,,377:Kaggalipura -Nelamangala,False,
378,BMTCB,,Kengeri Housing board-Electronic city,"Kengeri,Uttarahalli,,Konanakunte cross,Gottigere,,WIPRO,Electronic city gate",3,,F53333,FFFFFF,1.0,10-15 minutes once,10-15 minutes once,,378:Kengeri Housing board-Electronic city,False,
380,BMTCB,,Kempegowda Bus Station -Kalathur,,3,,F53333,FFFFFF,1.0,,,,380:Kempegowda Bus Station -Kalathur,False,
380B,BMTCB,,K R Market -Attivata,,3,,F53333,FFFFFF,1.0,,,,380B :K R Market -Attivata,False,
380C,BMTCB,,K R Market -Haralur (Old Madras Road),,3,,F53333,FFFFFF,1.0,,,,380C :K R Market -Haralur (Old Madras Road),False,
380E,BMTCB,,K R Market -Solur,,3,,F53333,FFFFFF,1.0,,,,380E :K R Market -Solur,False,
380F,BMTCB,,K R Market -Devashettyhalli,,3,,F53333,FFFFFF,1.0,,,,380F :K R Market -Devashettyhalli,False,
380G,BMTCB,,K R Market -Dandupalya,,3,,F53333,FFFFFF,1.0,,,,380G :K R Market -Dandupalya,False,
380H,BMTCB,,K R Market -Jadigenahalli,,3,,F53333,FFFFFF,1.0,,,,380H :K R Market -Jadigenahalli,False,
380M,BMTCB,,Kempegowda Bus Station -Bendiganahalli,,3,,F53333,FFFFFF,1.0,,,,380M :Kempegowda Bus Station -Bendiganahalli,False,
381,BMTCB,,Kempegowda Bus Station -Thimmasandra (Hosakote),,3,,F53333,FFFFFF,1.0,,,,381:Kempegowda Bus Station -Thimmasandra (Hosakote),False,
381A,BMTCB,,K R Market -Lakkondanahalli (Hosakote),,3,,F53333,FFFFFF,1.0,,,,381A :K R Market -Lakkondanahalli (Hosakote),False,
381B,BMTCB,,Kempegowda Bus Station -Kammasandra (Old Madras Road),,3,,F53333,FFFFFF,1.0,,,,381B :Kempegowda Bus Station -Kammasandra (Old Madras Road),False,
381D,BMTCB,,K R Market -E Muthasandra,,3,,F53333,FFFFFF,1.0,,,,381D :K R Market -E Muthasandra,False,
381E,BMTCB,,Kempegowda Bus Station -Kambalipura,,3,,F53333,FFFFFF,1.0,,,,381E :Kempegowda Bus Station -Kambalipura,False,
382,BMTCB,,K R Market -Kallahalli,,3,,F53333,FFFFFF,1.0,,,,382:K R Market -Kallahalli,False,
383,BMTCB,,K R Market -Vaghatta,,3,,F53333,FFFFFF,1.0,,,,383:K R Market -Vaghatta,False,
383A,BMTCB,,Kempegowda Bus Station -Pujena Agrahara,,3,,F53333,FFFFFF,1.0,,,,383A :Kempegowda Bus Station -Pujena Agrahara,False,
383B,BMTCB,,K R Market -Honachanahalli,,3,,F53333,FFFFFF,1.0,,,,383B :K R Market -Honachanahalli,False,
398,BMTCB,,Shanthinagar Bus Station -Shanthinagar Bus Station,,3,,F53333,FFFFFF,1.0,,,,398:Shanthinagar Bus Station -Shanthinagar Bus Station,False,
398A,BMTCB,,Shanthinagar Bus Station -Shanthinagar Bus Station,,3,,F53333,FFFFFF,1.0,,,,398A :Shanthinagar Bus Station -Shanthinagar Bus Station,False,
399,BMTCB,,Hosakote -Electronic City,,3,,F53333,FFFFFF,1.0,,,,399:Hosakote -Electronic City,False,
399B,BMTCB,,St John's Hospital -St John's Hospital,,3,,F53333,FFFFFF,1.0,,,,399B :St John's Hospital -St John's Hospital,False,
400,BMTCB,,Hebbal -K R Puram,,3,,F53333,FFFFFF,1.0,,,,400:Hebbal -K R Puram,False,
400A,BMTCB,,HAL Main Gate -K R Puram,,3,,F53333,FFFFFF,1.0,,,,400A :HAL Main Gate -K R Puram,False,
400B,BMTCB,,Peenya 2nd Stage -Marathahalli,,3,,F53333,FFFFFF,1.0,,,,400B :Peenya 2nd Stage -Marathahalli,False,
401,BMTCB,,Yeshwanthpur -Yelahanka,,3,,F53333,FFFFFF,1.0,,,,401:Yeshwanthpur -Yelahanka,False,
401A,BMTCB,,Magadi Road Toll Gate -Yelahanka,,3,,F53333,FFFFFF,1.0,,,,401A :Magadi Road Toll Gate -Yelahanka,False,
401B,BMTCB,,Hampinagar -Yelahanka,,3,,F53333,FFFFFF,1.0,,,,401B :Hampinagar -Yelahanka,False,
401D,BMTCB,,Yeshwanthpur -Yelahanka NES Office,,3,,F53333,FFFFFF,1.0,,,,401D :Yeshwanthpur -Yelahanka NES Office,False,
401E,BMTCB,,Chandra Layout -Yelahanka Satellite Town 5th Phase,,3,,F53333,FFFFFF,1.0,,,,401E :Chandra Layout -Yelahanka Satellite Town 5th Phase,False,
401F,BMTCB,,Yeshwanthpur -Yelahanka,,3,,F53333,FFFFFF,1.0,,,,401F :Yeshwanthpur -Yelahanka,False,
401G,BMTCB,,Hampinagar -Yelahanka Satellite Town,,3,,F53333,FFFFFF,1.0,,,,401G :Hampinagar -Yelahanka Satellite Town,False,
401GA,BMTCB,,Yelahanka Satellite Town-Chennamakere Achchukattu,,3,,F53333,FFFFFF,1.0,,,,401GA:Yelahanka Satellite Town-Chennamakere Achchukattu,False,
401H,BMTCB,,Hampinagar -Yeshwanthpur,,3,,F53333,FFFFFF,1.0,,,,401H :Hampinagar -Yeshwanthpur,False,
401K,BMTCB,,Kengeri -Yelahanka,,3,,F53333,FFFFFF,1.0,,,,401K :Kengeri -Yelahanka,False,
401L,BMTCB,,Gonipura -Yeshwanthpur,,3,,F53333,FFFFFF,1.0,,,,401L :Gonipura -Yeshwanthpur,False,
401M,BMTCB,,Kengeri -Yeshwanthpur,Ring road,3,,F53333,FFFFFF,1.0,,,,401M :Kengeri -Yeshwanthpur,False,
401N,BMTCB,,Hampinagar -Yelahanka,,3,,F53333,FFFFFF,1.0,,,,401N :Hampinagar -Yelahanka,False,
401P,BMTCB,,Kengeri -Muthyalanagar,,3,,F53333,FFFFFF,1.0,,,,401P :Kengeri -Muthyalanagar,False,
401Q,BMTCB,,MCTC Mysore Road Bus Station -Yelahanka,,3,,F53333,FFFFFF,1.0,,,,401Q :MCTC Mysore Road Bus Station -Yelahanka,False,
401R,BMTCB,,BEML 5th Stage -Yelahanka,,3,,F53333,FFFFFF,1.0,,,,401R :BEML 5th Stage -Yelahanka,False,
401T,BMTCB,,Yelahanka -Mattahalli,,3,,F53333,FFFFFF,1.0,,,,401T :Yelahanka -Mattahalli,False,
401W,BMTCB,,Yelahanka satellite town 5th stage- Jalahalli Cross,,3,,F53333,FFFFFF,1.0,,,,401W:Yelahanka satellite town 5th stage- Jalahalli Cross,False,
402,BMTCB,,K R Market -Yelahanka Satellite Town 5th Phase,,3,,F53333,FFFFFF,1.0,,,,402:K R Market -Yelahanka Satellite Town 5th Phase,False,
402A,BMTCB,,K R Market -Attur,,3,,F53333,FFFFFF,1.0,,,,402A :K R Market -Attur,False,
402B,BMTCB,,Kempegowda Bus Station -Yelahanka Satellite Town 5th Phase,,3,,F53333,FFFFFF,1.0,,,,402B :Kempegowda Bus Station -Yelahanka Satellite Town 5th Phase,False,
402C,BMTCB,,Kempegowda Bus Station -Attur,,3,,F53333,FFFFFF,1.0,,,,402C :Kempegowda Bus Station -Attur,False,
402D,BMTCB,,Kempegowda Bus Station -Yelahanka Satellite Town 4th Phase,,3,,F53333,FFFFFF,1.0,,,,402D :Kempegowda Bus Station -Yelahanka Satellite Town 4th Phase,False,
402E,BMTCB,,K R Market -Yelahanka Satellite Town 4th Phase,,3,,F53333,FFFFFF,1.0,,,,402E :K R Market -Yelahanka Satellite Town 4th Phase,False,
402F,BMTCB,,Kempegowda Bus Station -Ananthapura,,3,,F53333,FFFFFF,1.0,,,,402F :Kempegowda Bus Station -Ananthapura,False,
402G,BMTCB,,Yelahanka satellite town-ISRO layout,,3,,F53333,FFFFFF,1.0,,,,402G:Yelahanka satellite town-ISRO layout,False,
402M,BMTCB,,Yelahanka satellite town-Chikkalasandra,,3,,F53333,FFFFFF,1.0,,,,402M:Yelahanka satellite town-Chikkalasandra,False,
403A,BMTCB,,Kempegowda Bus Station -Kengeri KHB Quarters,,3,,F53333,FFFFFF,1.0,,,,403A :Kempegowda Bus Station -Kengeri KHB Quarters,False,
403B,BMTCB,,K R Market -Kengeri KHB Quarters,,3,,F53333,FFFFFF,1.0,,,,403B :K R Market -Kengeri KHB Quarters,False,
403D,BMTCB,,K R Market -Kengeri Housing Board Quarters,,3,,F53333,FFFFFF,1.0,,,,403D :K R Market -Kengeri Housing Board Quarters,False,
404,BMTCB,,Yelahanka Satellite Town -K R Puram,,3,,F53333,FFFFFF,1.0,,,,404:Yelahanka Satellite Town -K R Puram,False,
404C,BMTCB,,Shivajinagar -Attur,,3,,F53333,FFFFFF,1.0,,,,404C :Shivajinagar -Attur,False,
404E,BMTCB,,Shivajinagar -Yelahanka Satellite Town 4th Phase,,3,,F53333,FFFFFF,1.0,,,,404E :Shivajinagar -Yelahanka Satellite Town 4th Phase,False,
404F,BMTCB,,Shivajinagar -Ramagondanahalli (Bellary Road),,3,,F53333,FFFFFF,1.0,,,,404F :Shivajinagar -Ramagondanahalli (Bellary Road),False,
405,BMTCB,,Kempegowda Bus Station -Kempegowda Bus Station,,3,,F53333,FFFFFF,1.0,,,,405:Kempegowda Bus Station -Kempegowda Bus Station,False,
405A,BMTCB,,Kempegowda Bus Station -Kempegowda Bus Station,,3,,F53333,FFFFFF,1.0,,,,405A :Kempegowda Bus Station -Kempegowda Bus Station,False,
405B,BMTCB,,Kempegowda Bus Station -Nagadevanahalli,,3,,F53333,FFFFFF,1.0,,,,405B :Kempegowda Bus Station -Nagadevanahalli,False,
406,BMTCB,,Kempegowda Bus Station -Nelamangala,,3,,F53333,FFFFFF,1.0,,,,406:Kempegowda Bus Station -Nelamangala,False,
407,BMTCB,,Yelahanka -Nelamangala,,3,,F53333,FFFFFF,1.0,,,,407:Yelahanka -Nelamangala,False,
407A,BMTCB,,Shivajinagar -Hesaraghatta,,3,,F53333,FFFFFF,1.0,,,,407A :Shivajinagar -Hesaraghatta,False,
410,BMTCB,,Jalahalli Cross -Bommanahalli,,3,,F53333,FFFFFF,1.0,,,,410:Jalahalli Cross -Bommanahalli,False,
410A,BMTCB,,Peenya 2nd stage- Banashankari,,3,,F53333,FFFFFF,1.0,,,,410A :Peenya 2nd stage- Banashankari,False,
410C,BMTCB,,Silk board-Vijayanagar,,3,,F53333,FFFFFF,1.0,,,,410C:Silk board-Vijayanagar,False,
410D,BMTCB,,Electronic City-Bharatnagar,,3,,F53333,FFFFFF,1.0,,,,410D:Electronic City-Bharatnagar,False,
411,BMTCB,,Banashankari -Naduvarthi,,3,,F53333,FFFFFF,1.0,,,,411:Banashankari -Naduvarthi,False,
411A,BMTCB,,Jayanagar 4th Block -Basavanagar,,3,,F53333,FFFFFF,1.0,,,,411A :Jayanagar 4th Block -Basavanagar,False,
411B,BMTCB,,K R Puram -Bannerghatta National Park,,3,,F53333,FFFFFF,1.0,,,,411B :K R Puram -Bannerghatta National Park,False,
411C,BMTCB,,Banashankari -Varthur,,3,,F53333,FFFFFF,1.0,,,,411C :Banashankari -Varthur,False,
411D,BMTCB,,Marathahalli -Chandapura,,3,,F53333,FFFFFF,1.0,,,,411D :Marathahalli -Chandapura,False,
411E,BMTCB,,Banashankari -Vydehi Hospital,,3,,F53333,FFFFFF,1.0,,,,411E :Banashankari -Vydehi Hospital,False,
411F,BMTCB,,Minaznagar -Vydehi Hospital,,3,,F53333,FFFFFF,1.0,,,,411F :Minaznagar -Vydehi Hospital,False,
411J,BMTCB,,Bannerghatta National Park -Naduvathi,,3,,F53333,FFFFFF,1.0,,,,411J:Bannerghatta National Park -Naduvathi,False,
412,BMTCB,,Banashankari -Hennur,,3,,F53333,FFFFFF,1.0,,,,412:Banashankari -Hennur,False,
414,BMTCB,,K. Narayanpura- Hampi Nagar,,3,,F53333,FFFFFF,1.0,,,,414: K.Narayanpura - Hampi nagar,False,
415,BMTCB,,Shivajinagar -Vishwanatha Nagenahalli,,3,,F53333,FFFFFF,1.0,,,,415:Shivajinagar -Vishwanatha Nagenahalli,False,
415B,BMTCB,,Kempegowda Bus Station -Vishwanatha Nagenahalli,,3,,F53333,FFFFFF,1.0,,,,415B :Kempegowda Bus Station -Vishwanatha Nagenahalli,False,
415C,BMTCB,,Shivajinagar -HBR Layout 2nd Stage,,3,,F53333,FFFFFF,1.0,,,,415C :Shivajinagar -HBR Layout 2nd Stage,False,
415D,BMTCB,,K R Market -HBR Layout 2nd Stage BDA Park,,3,,F53333,FFFFFF,1.0,,,,415D :K R Market -HBR Layout 2nd Stage BDA Park,False,
500,BMTCB,,Banashankari -Banashankari,,3,,F53333,FFFFFF,1.0,,,,500:Banashankari -Banashankari,False,
500A,BMTCB,,Banashankari -Hebbal,,3,,F53333,FFFFFF,1.0,,,,500A :Banashankari -Hebbal,False,
500AA,BMTCB,,Yelahanka 5th phase- K.R.Puram,,3,,F53333,FFFFFF,1.0,,,,500AA:Yelahanka 5th phase- K.R.Puram,False,
500B,BMTCB,,Yeshwanthpur -Marathahalli,,3,,F53333,FFFFFF,1.0,,,,500B :Yeshwanthpur -Marathahalli,False,
500C,BMTCB,,Central Silk Board -K R Puram,,3,,F53333,FFFFFF,1.0,,,Ordinary 500C runs on this route,500C :Central Silk Board -K R Puram,False,
500D,BMTCB,,Central Silk Board -Hebbal,,3,,F53333,FFFFFF,1.0,,,,500D :Central Silk Board -Hebbal,False,
500F,BMTCB,,Central Silk Board -Kadugodi,,3,,F53333,FFFFFF,1.0,,,,500F :Central Silk Board -Kadugodi,False,
500G,BMTCB,,Central Silk Board -Central Silk Board,,3,,F53333,FFFFFF,1.0,,,,500G :Central Silk Board -Central Silk Board,False,
500H,BMTCB,,Chandapura -K R Puram,,3,,F53333,FFFFFF,1.0,,,,500H :Chandapura -K R Puram,False,
500J,BMTCB,,Chandapura -Yeshwanthpur Regulated Market,,3,,F53333,FFFFFF,1.0,,,,500J :Chandapura -Yeshwanthpur Regulated Market,False,
500L,BMTCB,,Banashankari-Kalyan nagara,,3,,F53333,FFFFFF,1.0,,,,500L:Banashankari-Kalyan nagara,False,
500M,BMTCB,,MCTC Mysore Road Bus Station -Agara (Sarjapur Road),,3,,F53333,FFFFFF,1.0,,,,500M :MCTC Mysore Road Bus Station -Agara (Sarjapur Road),False,
500N,BMTCB,,Banashankari-Tin factory,,3,,F53333,FFFFFF,1.0,,,,500N:Banashankari-Tin factory,False,
500R,BMTCB,500R,Hebbal - Gunjur,,3,,F53333,FFFFFF,1.0,,,,500R: Hebbal- gunjur,False,
500T,BMTCB,,Hebbal- Marathahalli,,3,,F53333,FFFFFF,1.0,,,,500T: Hebbal- Marathahalli,False,
501,BMTCB,,Banashankari -Banashankari,,3,,F53333,FFFFFF,1.0,,,,501:Banashankari -Banashankari,False,
501A,BMTCB,,Banashankari -Hebbal,,3,,F53333,FFFFFF,1.0,,,,501A :Banashankari -Hebbal,False,
501B,BMTCB,,Hebbal-Hebbal,"K.R.Puram,Marathahalli,Banashankari",3,,F53333,FFFFFF,1.0,,,,501B:Hebbal-Hebbal,False,
501BA,BMTCB,,Hebbal-Hebbal,Opposite of 501B,3,,F53333,FFFFFF,1.0,,,,501BA:Hebbal-Hebbal,False,
501C,BMTCB,,Hebbal -Kengeri,,3,,F53333,FFFFFF,1.0,,,,501C :Hebbal -Kengeri,False,
501G,BMTCB,,Agara (Sarjapur Road) -Agara (Sarjapur Road),,3,,F53333,FFFFFF,1.0,,,,501G :Agara (Sarjapur Road) -Agara (Sarjapur Road),False,
501N,BMTCB,,Banashankari- Jalahalli Village,,3,,F53333,FFFFFF,1.0,,,,501N:Banashankari- Jalahalli Village,False,
502,BMTCB,,Kengeri Satellite Town - Kadugodi,,3,,F53333,FFFFFF,1.0,,,,502:Kengeri Satellite Town - Kadugodi,False,
502A,BMTCB,,Kengeri Satellite Town -Marathahalli,,3,,F53333,FFFFFF,1.0,,,,502A :Kengeri Satellite Town -Marathahalli,False,
502C,BMTCB,,Banashankari -Marathahalli Bridge,,3,,F53333,FFFFFF,1.0,,,,502C :Banashankari -Marathahalli Bridge,False,
502D,BMTCB,,Kengeri -Kalyananagar,,3,,F53333,FFFFFF,1.0,,,,502D :Kengeri -Kalyananagar,False,
502E,BMTCB,,Kottigepalya -Hebbal,,3,,F53333,FFFFFF,1.0,,,,502E :Kottigepalya -Hebbal,False,
502F,BMTCB,,Jalahalli cross-Kengeri,,3,,F53333,FFFFFF,1.0,,,,502F:Jalahalli cross-Kengeri,False,
502H,BMTCB,,Chikkabanavara-Kengeri,,3,,F53333,FFFFFF,1.0,,,,502H:Chikkabanavara-Kengeri,False,
502M,BMTCB,,Chikkalasandra-K.R.Puram,,3,,F53333,FFFFFF,1.0,,,,502M:Chikkalasandra-K.R.Puram,False,
503,BMTCB,,Vidyaranyapura -Marathahalli Bridge,,3,,F53333,FFFFFF,1.0,,,,503:Vidyaranyapura -Marathahalli Bridge,False,
504,BMTCB,,K R Puram Railway Station -K R Puram Railway Station,,3,,F53333,FFFFFF,1.0,,,,504:K R Puram Railway Station -K R Puram Railway Station,False,
504A,BMTCB,,K.R.Puram Rly station- K.R>Puram Rly station,,3,,F53333,FFFFFF,1.0,,,,504A:K.R.Puram Rly station- K.R>Puram Rly station,False,
504E,BMTCB,,K.R.Puram Rly station- K.R>Puram Rly station,"Hope farm , Kundalahalli gate,Marathahalli,BTP",3,,F53333,FFFFFF,1.0,,,,504E:K.R.Puram Rly station- K.R>Puram Rly station,False,
504F,BMTCB,,K.R.Puram Rly station- K.R>Puram Rly station,Opposite of 504E,3,,F53333,FFFFFF,1.0,,,,504F:K.R.Puram Rly station- K.R>Puram Rly station,False,
600,BMTCB,,Banashankari -Banashankari,,3,,F53333,FFFFFF,1.0,,,,600:Banashankari -Banashankari,False,
600A,BMTCB,,MCTC -Chandapura,,3,,F53333,FFFFFF,1.0,,,,600A :MCTC -Chandapura,False,
600C,BMTCB,,Banashankari -Chandapura,,3,,F53333,FFFFFF,1.0,,,,600C :Banashankari -Chandapura,False,
600D,BMTCB,,Minaznagar -Shikaripalya,,3,,F53333,FFFFFF,1.0,,,,600D :Minaznagar -Shikaripalya,False,
600F,BMTCB,,Banashankari-Attibelle,,3,,F53333,FFFFFF,1.0,,,,600F:Banashankari-Attibelle,False,
600FA,BMTCB,,Banashankari-Electronic city-Jigani,,3,,F53333,FFFFFF,1.0,,,,600FA:Banashankari-Electronic city-Jigani,False,
600FB,BMTCB,,AGS layout-Electronic city,,3,,F53333,FFFFFF,1.0,,,,600FB:AGS layout-Electronic city,False,
600G,BMTCB,,Kumaraswamy layout 2nd stage-Electronic city,,3,,F53333,FFFFFF,1.0,,,,600G:Kumaraswamy layout 2nd stage-Electronic city,False,
601,BMTCB,,Banashankari -Banashankari,,3,,F53333,FFFFFF,1.0,,,,601:Banashankari -Banashankari,False,
AS1,BMTCB,,Banashankari-Avalahalli,,3,,F53333,FFFFFF,1.0,,,These buses are single seaters and minimum fare is Rs.2/-,AS1:Banashankari-Avalahalli,False,
AS14,BMTCB,,Banashankari- Talaghattapura,,3,,F53333,FFFFFF,1.0,,,,AS14:Banashankari- Talaghattapura,False,
AS15,BMTCB,,Jayanagar-Bytarayanadoddi,,3,,F53333,FFFFFF,1.0,,,,AS15:Jayanagar-Bytarayanadoddi,False,
AS11,BMTCB,,St John's Hospital -Chandapura,,3,,F53333,FFFFFF,1.0,,,,AS11 :St John's Hospital -Chandapura,False,
B2,BMTCB,,Peenya 2nd Stage -Electronic City,,3,,F53333,FFFFFF,1.0,,,,B2 :Peenya 2nd Stage -Electronic City,False,
BIAS1,BMTCB,,Gottigere -Bangalore International Airport,,3,,F53333,FFFFFF,1.0,,,,BIAS1 :Gottigere -Bangalore International Airport,True,Bangalore South
BIAS4,BMTCB,,HAL Main Gate -Bangalore International Airport,,3,,F53333,FFFFFF,1.0,,,,BIAS4 :HAL Main Gate -Bangalore International Airport,True,Byatarayanapura
BIAS5,BMTCB,,J P Nagar 6th Phase -Bangalore International Airport,,3,,F53333,FFFFFF,1.0,,,,BIAS5 :J P Nagar 6th Phase -Bangalore International Airport,True,Byatarayanapura
BIAS6,BMTCB,,Kadugodi -Bangalore International Airport,,3,,F53333,FFFFFF,1.0,,,,BIAS6 :Kadugodi -Bangalore International Airport,True,Byatarayanapura
BIAS7,BMTCB,,HSR Layout BDA Complex -Bangalore International Airport,,3,,F53333,FFFFFF,1.0,,,,BIAS7 :HSR Layout BDA Complex -Bangalore International Airport,True,Byatarayanapura
BIAS7A,BMTCB,,HSR Layout BDA Complex -Bangalore International Airport,,3,,F53333,FFFFFF,1.0,,,,BIAS7A :HSR Layout BDA Complex -Bangalore International Airport,True,Byatarayanapura
BIAS8,BMTCB,,Electronic City -Bangalore International Airport,,3,,F53333,FFFFFF,1.0,,,,BIAS8 :Electronic City -Bangalore International Airport,True,Bommanahalli
BIAS8A,BMTCB,,Kuvempunagar (BTM Layout) -Bangalore International Airport,,3,,F53333,FFFFFF,1.0,,,,BIAS8A :Kuvempunagar (BTM Layout) -Bangalore International Airport,True,Byatarayanapura
BIAS9,BMTCB,,Kempegowda Bus Station -Bangalore International Airport,,3,,F53333,FFFFFF,1.0,,,,BIAS9 :Kempegowda Bus Station -Bangalore International Airport,True,Byatarayanapura
BIAS10,BMTCB,,MCTC Mysore Road Bus Station -Bangalore International Airport,,3,,F53333,FFFFFF,1.0,,,,BIAS10 :MCTC Mysore Road Bus Station -Bangalore International Airport,True,Bangalore West
BIAS11,BMTCB,,Chikkalasandra -Bangalore International Airport,,3,,F53333,FFFFFF,1.0,,,,BIAS11 :Chikkalasandra -Bangalore International Airport,True,Byatarayanapura
BIAS12,BMTCB,,Kuvempunagar (BTM Layout) -Bangalore International Airport,,3,,F53333,FFFFFF,1.0,,,,BIAS12 :Kuvempunagar (BTM Layout) -Bangalore International Airport,True,Byatarayanapura
C1,BMTCB,,Banashankari -Hebbal,,3,,F53333,FFFFFF,1.0,,,Substituted by 500A,C1:Banashankari -Hebbal,True,Bommanahalli
C2,BMTCB,,Banashankari-Hebbal,,3,,F53333,FFFFFF,1.0,,,Substituted by 501A,C2:Banashankari-Hebbal,False,
C3,BMTCB,,Kengeri satellite Town-Kadugodi,,3,,F53333,FFFFFF,1.0,,,Substituted by 502,C3:Kengeri satellite Town-Kadugodi,False,
FDR1,BMTCB,,Uttarahalli--Uttarahalli,"Chikkalasandra, Padmanabhanagar,Banashankari,Jayanagar, Kadirenhalli cross",3,,F53333,FFFFFF,1.0,,,,FDR1:Uttarahalli--Uttarahalli,True,Mahadevapura
FDR2,BMTCB,,Uttarahalli-Jayanagar-Uttarahalli,Opposite of FDR-1,3,,F53333,FFFFFF,1.0,,,,FDR2:Uttarahalli-Jayanagar-Uttarahalli,True,Dasarahalli
FDR4,BMTCB,,Chikkalasandra-Chikkalasandra,"Uttarahalli, Konanakunte cross, Gottigere,Jayanagar,Banashankari",3,,F53333,FFFFFF,1.0,,,,FDR4:Chikkalasandra-Chikkalasandra,True,
FDR6,BMTCB,,Chikkalasandra- Chikkalasandra,"Konanakunte cross, Jambu savari dinne, Jayanagar",3,,F53333,FFFFFF,1.0,,,,FDR6:Chikkalasandra- Chikkalasandra,True,
G1,BMTCB,,Trinity Circle -Kadugodi,,3,,F53333,FFFFFF,1.0,,,,G1:Trinity Circle -Kadugodi,True,Bangalore East
G2,BMTCB,,Brigade Road Junction -Electronic City Wipro Gate,,3,,F53333,FFFFFF,1.0,,,,G2:Brigade Road Junction -Electronic City Wipro Gate,True,Bommanahalli
G3,BMTCB,,Mayo Hall -Sarjapur,,3,,F53333,FFFFFF,1.0,,,,G3:Mayo Hall -Sarjapur,True,Bommanahalli
G4,BMTCB,,Brigade Road Junction -Bannerghatta National Park,,3,,F53333,FFFFFF,1.0,,,,G4:Brigade Road Junction -Bannerghatta National Park,True,Bangalore South
G5,BMTCB,,Corporation -Kaggalipura,,3,,F53333,FFFFFF,1.0,,,,G5:Corporation -Kaggalipura,True,Bangalore South
G6,BMTCB,,Kengeri Housing Board Quarters -Shanthinagar Bus Station,,3,,F53333,FFFFFF,1.0,,,,G6:Kengeri Housing Board Quarters -Shanthinagar Bus Station,True,Rajarajeshwari Nagara
G7,BMTCB,,Kempegowda Bus Station -Gollarahatti,,3,,F53333,FFFFFF,1.0,,,,G7:Kempegowda Bus Station -Gollarahatti,True,Bangalore West
G8,BMTCB,,Nelamangala -Parade Ground,,3,,F53333,FFFFFF,1.0,,,,G8:Nelamangala -Parade Ground,True,Dasarahalli
G9,BMTCB,,Yelahanka Satellite Town 5th Phase -Parade Ground,,3,,F53333,FFFFFF,1.0,,,,G9:Yelahanka Satellite Town 5th Phase -Parade Ground,True,Byatarayanapura
G10,BMTCB,,Corporation -Ramakrishna Hegde Nagar,,3,,F53333,FFFFFF,1.0,,,,G10:Corporation -Ramakrishna Hegde Nagar,True,Byatarayanapura
G11,BMTCB,,Bagalur -Indian Express/Balekundri Circle,,3,,F53333,FFFFFF,1.0,,,,G11:Bagalur -Indian Express/Balekundri Circle,True,Byatarayanapura
G12,BMTCB,,Trinity Circle -K R Puram,,3,,F53333,FFFFFF,1.0,,,,G12:Trinity Circle -K R Puram,True,Bangalore East
J1,BMTCB,,Kempegowda Bus Station -Padmanabhanagar,,3,,F53333,FFFFFF,1.0,,,,J1:Kempegowda Bus Station -Padmanabhanagar,False,
J2,BMTCB,,Kempegowda Bus Station -J P Nagar 6th Phase,,3,,F53333,FFFFFF,1.0,,,,J2:Kempegowda Bus Station -J P Nagar 6th Phase,False,
J3,BMTCB,,Kempegowda Bus Station -Kamalanagar BEML Layout,,3,,F53333,FFFFFF,1.0,,,,J3:Kempegowda Bus Station -Kamalanagar BEML Layout,False,
J10,BMTCB,,Kempegowda Bus Station -Avalahalli BDA Park,,3,,F53333,FFFFFF,1.0,,,,J10:Kempegowda Bus Station -Avalahalli BDA Park,False,
J13,BMTCB,,Kempegowda Bus Station -HAL Airport,,3,,F53333,FFFFFF,1.0,,,,J13:Kempegowda Bus Station -HAL Airport,False,
J17,BMTCB,,Shivajinagar -Vijayanagar,,3,,F53333,FFFFFF,1.0,,,,J17:Shivajinagar -Vijayanagar,False,
J18,BMTCB,,Kempegowda Bus Station -Jayanagar 9th Block,,3,,F53333,FFFFFF,1.0,,,,J18:Kempegowda Bus Station -Jayanagar 9th Block,False,
J19,BMTCB,,Kempegowda Bus Station -BEML 5th Stage,,3,,F53333,FFFFFF,1.0,,,,J19:Kempegowda Bus Station -BEML 5th Stage,False,
J21,BMTCB,,Banashankari -Mathikere,,3,,F53333,FFFFFF,1.0,,,,J21:Banashankari -Mathikere,False,
J25G,BMTCB,,Kempegowda Bus Station -Kuvempunagar (BTM Layout),,3,,F53333,FFFFFF,1.0,,,,J25G:Kempegowda Bus Station -Kuvempunagar (BTM Layout),False,
J43E,BMTCB,,Kempegowda Bus Station -Banashankari 3rd Stage 2nd Phase,,3,,F53333,FFFFFF,1.0,,,,J43E:Kempegowda Bus Station -Banashankari 3rd Stage 2nd Phase,False,
J45E,BMTCB,,Kempegowda Bus Station -Chennammanakere Achkattu,,3,,F53333,FFFFFF,1.0,,,,J45E:Kempegowda Bus Station -Chennammanakere Achkattu,False,
J45G,BMTCB,,Kempegowda Bus Station -Banashankari 3rd Stage 3rd Phase,,3,,F53333,FFFFFF,1.0,,,,J45G:Kempegowda Bus Station -Banashankari 3rd Stage 3rd Phase,False,
J55,BMTCB,,K R Market -Jagajeevanramnagar,,3,,F53333,FFFFFF,1.0,,,,J55:K R Market -Jagajeevanramnagar,False,
J61,BMTCB,,Kempegowda Bus Station -Vijayanagar,,3,,F53333,FFFFFF,1.0,,,,J61:Kempegowda Bus Station -Vijayanagar,False,
J75,BMTCB,,Vijayanagar -Malleswaram 18th Cross,,3,,F53333,FFFFFF,1.0,,,,J75:Vijayanagar -Malleswaram 18th Cross,False,
J80,BMTCB,,Kempegowda Bus Station -Mahalakshmi Layout,,3,,F53333,FFFFFF,1.0,,,,J80:Kempegowda Bus Station -Mahalakshmi Layout,False,
J80A,BMTCB,,Kempegowda Bus Station -Nandini Layout,,3,,F53333,FFFFFF,1.0,,,,J80A:Kempegowda Bus Station -Nandini Layout,False,
J87,BMTCB,,Kempegowda Bus Station -Hampinagar,,3,,F53333,FFFFFF,1.0,,,,J87:Kempegowda Bus Station -Hampinagar,False,
J129,BMTCB,,Shivajinagar -Kempegowda Bus Station,,3,,F53333,FFFFFF,1.0,,,,J129:Shivajinagar -Kempegowda Bus Station,False,
J138,BMTCB,,Kempegowda Bus Station -Jeevanabhimanagar,,3,,F53333,FFFFFF,1.0,,,,J138:Kempegowda Bus Station -Jeevanabhimanagar,False,
J150,BMTCB,,Shivajinagar -K R Market,,3,,F53333,FFFFFF,1.0,,,,J150:Shivajinagar -K R Market,False,
J166,BMTCB,,Shivajinagar -Koramangala,,3,,F53333,FFFFFF,1.0,,,,J166:Shivajinagar -Koramangala,False,
J171,BMTCB,,Kempegowda Bus Station -Koramangala,,3,,F53333,FFFFFF,1.0,,,,J171:Kempegowda Bus Station -Koramangala,False,
J201B,BMTCB,,Banashankari -Mayo Hall,,3,,F53333,FFFFFF,1.0,,,,J201B:Banashankari -Mayo Hall,False,
J210V,BMTCB,,Banashankari -Banashankari,,3,,F53333,FFFFFF,1.0,,,,J210V:Banashankari -Banashankari,False,
J215,BMTCB,,K R Market -Kothanur (Kanakapura Road),,3,,F53333,FFFFFF,1.0,,,,J215:K R Market -Kothanur (Kanakapura Road),False,
J215J,BMTCB,,Kempegowda Bus Station -Kothanur (Kanakapura Road),,3,,F53333,FFFFFF,1.0,,,,J215J:Kempegowda Bus Station -Kothanur (Kanakapura Road),False,
J222,BMTCB,,K R Market -Kengeri Satellite Town,,3,,F53333,FFFFFF,1.0,,,,J222:K R Market -Kengeri Satellite Town,False,
J222A,BMTCB,,Kempegowda Bus Station -Kengeri Satellite Town,,3,,F53333,FFFFFF,1.0,,,,J222A:Kempegowda Bus Station -Kengeri Satellite Town,False,
J238B,BMTCB,,Nrupathunganagar -Vijayanagar,,3,,F53333,FFFFFF,1.0,,,,J238B:Nrupathunganagar -Vijayanagar,False,
J253J,BMTCB,,Kempegowda Bus Station -Hesaraghatta,,3,,F53333,FFFFFF,1.0,,,,J253J:Kempegowda Bus Station -Hesaraghatta,False,
J290C,BMTCB,,Shivajinagar -Nagavara,,3,,F53333,FFFFFF,1.0,,,,J290C:Shivajinagar -Nagavara,False,
J296B,BMTCB,,Kempegowda Bus Station -HBR Layout 5th Block,,3,,F53333,FFFFFF,1.0,,,,J296B:Kempegowda Bus Station -HBR Layout 5th Block,False,
J314A,BMTCB,,Shivajinagar -DRDO Township 2nd Phase,,3,,F53333,FFFFFF,1.0,,,,J314A:Shivajinagar -DRDO Township 2nd Phase,False,
J315,BMTCB,,Kempegowda Bus Station -K R Puram,,3,,F53333,FFFFFF,1.0,,,,J315:Kempegowda Bus Station -K R Puram,False,
J319E,BMTCB,,Halasuru -Hope Farm,,3,,F53333,FFFFFF,1.0,,,,J319E:Halasuru -Hope Farm,False,
J330,BMTCB,,Shivajinagar -Marathahalli,,3,,F53333,FFFFFF,1.0,,,,J330:Shivajinagar -Marathahalli,False,
J335A,BMTCB,,Kempegowda Bus Station -Sathya Sai Hospital,,3,,F53333,FFFFFF,1.0,,,,J335A:Kempegowda Bus Station -Sathya Sai Hospital,False,
J365,BMTCB,,Kempegowda Bus Station -Bannerghatta National Park,,3,,F53333,FFFFFF,1.0,,,,J365:Kempegowda Bus Station -Bannerghatta National Park,False,
K1,BMTCB,,St. Johns Hospital - Yeshvantpur,,3,,F53333,FFFFFF,1.0,,,,K1:St. Johns Hospital - Yeshvantpur,False,
K2,BMTCB,,Chikkamarenhalli-MCTC,,3,,F53333,FFFFFF,1.0,,,,K2:Chikkamarenhalli-MCTC,False,
K3,BMTCB,,Basaveshwaranagar-Koramangla,,3,,F53333,FFFFFF,1.0,,,,K3:Basaveshwaranagar-Koramangla,False,
MBS2,BMTCB,,Yelahanka Satellite Town -Marathahalli Bridge,,3,,F53333,FFFFFF,1.0,,,,MBS2 :Yelahanka Satellite Town -Marathahalli Bridge,False,
MBS3,BMTCB,,Kamalanagar BEML Layout -K R Puram,,3,,F53333,FFFFFF,1.0,,,,MBS3 :Kamalanagar BEML Layout -K R Puram,False,
MBS4,BMTCB,,Sunkadakatte -K R Puram,,3,,F53333,FFFFFF,1.0,,,,MBS4 :Sunkadakatte -K R Puram,False,
MBS5,BMTCB,,Banashankari 3rd Stage 3rd Phase -Jalahalli Cross,,3,,F53333,FFFFFF,1.0,,,,MBS5 :Banashankari 3rd Stage 3rd Phase -Jalahalli Cross,False,
MBS6,BMTCB,,Vidyaranyapura -C V Raman Nagar,,3,,F53333,FFFFFF,1.0,,,,MBS6 :Vidyaranyapura -C V Raman Nagar,False,
MBS8,BMTCB,,Banashankari -Kalyananagar,,3,,F53333,FFFFFF,1.0,,,,MBS8 :Banashankari -Kalyananagar,False,
MBS9,BMTCB,,ISRO Layout -Vidyaranyapura,,3,,F53333,FFFFFF,1.0,,,,MBS9 :ISRO Layout -Vidyaranyapura,False,
MBS11,BMTCB,,Jambusavari Dinne -Vishwanatha Nagenahalli,,3,,F53333,FFFFFF,1.0,,,,MBS11 :Jambusavari Dinne -Vishwanatha Nagenahalli,False,
MBS12,BMTCB,,Annapurneshwarinagar -Marathahalli,,3,,F53333,FFFFFF,1.0,,,,MBS12 :Annapurneshwarinagar -Marathahalli,False,
MBS13,BMTCB,,MICO Shramajeevi Colony -Hennur Cross,,3,,F53333,FFFFFF,1.0,,,,MBS13 :MICO Shramajeevi Colony -Hennur Cross,False,
MBS14,BMTCB,,J P Nagar 3rd Phase -Ramakrishna Hegde Nagar,,3,,F53333,FFFFFF,1.0,,,,MBS14 :J P Nagar 3rd Phase -Ramakrishna Hegde Nagar,False,
MBS15,BMTCB,,Nagarabhavi Circle -Marathahalli,,3,,F53333,FFFFFF,1.0,,,,MBS15 :Nagarabhavi Circle -Marathahalli,False,
MBS16,BMTCB,,Jalahalli Cross -Kasturinagar,,3,,F53333,FFFFFF,1.0,,,,MBS16 :Jalahalli Cross -Kasturinagar,False,
MBS17,BMTCB,,Jalahalli Cross -Marathahalli,,3,,F53333,FFFFFF,1.0,,,,MBS17 :Jalahalli Cross -Marathahalli,False,
MBS19,BMTCB,,Marathahalli -Hebbal,,3,,F53333,FFFFFF,1.0,,,,MBS19 :Marathahalli -Hebbal,False,
MBS20,BMTCB,,Bhuvaneshwarinagar Mahalakshmi Temple (Katriguppe) -Laggere,,3,,F53333,FFFFFF,1.0,,,,MBS20 :Bhuvaneshwarinagar Mahalakshmi Temple (Katriguppe) -Laggere,False,
MBS21,BMTCB,,Chandapura -MEI Layout (Bagalagunte),,3,,F53333,FFFFFF,1.0,,,,MBS21 :Chandapura -MEI Layout (Bagalagunte),False,
MBS24,BMTCB,,Rajarajeshwarinagar -Kadugodi,,3,,F53333,FFFFFF,1.0,,,,MBS24:Rajarajeshwarinagar -Kadugodi,False,
MBS25,BMTCB,,Electronic city-Kengeri shirke,,3,,F53333,FFFFFF,1.0,,,,MBS25 :Electronic city-Kengeri shirke,False,
MP2,BMTCB,,Kempegowda Bus Station -J.P.Nagar 6th phase,Night Service,3,,F53333,FFFFFF,1.0,"12AM,4:45AM,  5:35AM ,10:45PM,","10PM,11:15Pm ,5:15AM",MP=Maropolo AC service,MP2:Kempegowda Bus Station -J.P.Nagar 6th phase,False,
MP10,BMTCB,,Kempegowda Bus station-avalahalli BDA Park,,3,,F53333,FFFFFF,1.0,,,,MP10:Kempegowda Bus station-avalahalli BDA Park,False,
MP15A,BMTCB,,K.R.Market-Padmanabhanagar,,3,,F53333,FFFFFF,1.0,,,,MP15A:K.R.Market-Padmanabhanagar,False,
MP15E,BMTCB,,Kempegowda Bus station - Kumaraswamy layout,,3,,F53333,FFFFFF,1.0,,,,MP15E:Kempegowda Bus station - Kumaraswamy layout,False,
MP45F,BMTCB,,Kempegowda Bus station-Chennamakere Achchukattu,,3,,F53333,FFFFFF,1.0,,,,MP45F:Kempegowda Bus station-Chennamakere Achchukattu,False,
MP45G,BMTCB,,Kempegowda bus station-Kathriguppe,,3,,F53333,FFFFFF,1.0,,,,MP45G:Kempegowda bus station-Kathriguppe,False,
MP60A,BMTCB,,Jayanagar 9th block- Vijayanagar,,3,,F53333,FFFFFF,1.0,,,,MP60A:Jayanagar 9th block- Vijayanagar,False,
MP60E,BMTCB,,BTM Layout - Vijayanagar,,3,,F53333,FFFFFF,1.0,,,,MP60E:BTM Layout - Vijayanagar,False,
MP61A,BMTCB,,Kempegowda Bus Station-chandra Layout,,3,,F53333,FFFFFF,1.0,,,,MP61A:Kempegowda Bus Station-chandra Layout,False,
MP96,BMTCB,,Kempegowda bus station-Kempegowda Bus station,,3,,F53333,FFFFFF,1.0,,,,MP96:Kempegowda bus station-Kempegowda Bus station,False,
MP 96A,BMTCB,,Kempegowda bus station-Kempegowda Bus station,,3,,F53333,FFFFFF,1.0,,,,MP 96A:Kempegowda bus station-Kempegowda Bus station,False,
MP201RC,BMTCB,,Chikkalasandra-C.V.Raman nagar,,3,,F53333,FFFFFF,1.0,,,,MP201RC:Chikkalasandra-C.V.Raman nagar,False,
MP210A,BMTCB,,ISRO Layout- Kempegowda bus station,,3,,F53333,FFFFFF,1.0,,,,MP210A:ISRO Layout- Kempegowda bus station,False,
MP265,BMTCB,,Kempegowda Bus station - Kempegowda bus station,,3,,F53333,FFFFFF,1.0,,,,MP265:Kempegowda Bus station - Kempegowda bus station,False,
MP265A,BMTCB,,Kempegowda Bus station- Kempegowda bus station,,3,,F53333,FFFFFF,1.0,,,,MP265A:Kempegowda Bus station- Kempegowda bus station,False,
MP285M,BMTCB,,Cauvery Bhavan- Doddaballapura,,3,,F53333,FFFFFF,1.0,,,,MP285M:Cauvery Bhavan- Doddaballapura,False,
MP290E,BMTCB,,Shivajinagar- Yelahanka Satellite Town,,3,,F53333,FFFFFF,1.0,,,,MP290E:Shivajinagar- Yelahanka Satellite Town,False,
MP291D,BMTCB,,Shivajinagar -Yelahanka,,3,,F53333,FFFFFF,1.0,,,,MP291D:Shivajinagar -Yelahanka,False,
MP317A,BMTCB,,Kempegowda Bus station- Hosakote,,3,,F53333,FFFFFF,1.0,,,,MP317A:Kempegowda Bus station- Hosakote,False,
MP342F,BMTCB,,Kempegowda Bus station- Sarjapura,,3,,F53333,FFFFFF,1.0,Every 15 minutes once,,,MP342F:Kempegowda Bus station- Sarjapura,False,
MP362B,BMTCB,,Ganganagar- Shivajinagar-Begur Vishwapriya layout,,3,,F53333,FFFFFF,1.0,,,,MP362B:Ganganagar- Shivajinagar-Begur Vishwapriya layout,False,
MP362C,BMTCB,,Shivajinagar- Begur Vishwapriya Layout,,3,,F53333,FFFFFF,1.0,,,,MP362C:Shivajinagar- Begur Vishwapriya Layout,False,
NLMF1,BMTCB,,Peenya 2nd stage- Hessarghatta,,3,,F53333,FFFFFF,1.0,,,,NLMF1:Peenya 2nd stage- Hessarghatta,False,
NLMF2,BMTCB,,Govardhan- Chikkabanavara,,3,,F53333,FFFFFF,1.0,,,,NLMF2:Govardhan- Chikkabanavara,False,
P3,BMTCB,,Kempegowda Bus Station -Kamalanagar BEML Layout,,3,,F53333,FFFFFF,1.0,,,,P3 :Kempegowda Bus Station -Kamalanagar BEML Layout,False,
P7D,BMTCB,,Banashankari -Jeevanabhimanagar,,3,,F53333,FFFFFF,1.0,,,,P7D :Banashankari -Jeevanabhimanagar,False,
P9,BMTCB,,K R Market -BEML 5th Stage,,3,,F53333,FFFFFF,1.0,,,,P9 :K R Market -BEML 5th Stage,False,
P13E,BMTCB,,Shivajinagar -Banashankari 3rd Stage 2nd Phase,,3,,F53333,FFFFFF,1.0,,,,P13E :Shivajinagar -Banashankari 3rd Stage 2nd Phase,False,
P21,BMTCB,,Banashankari -Mathikere,,3,,F53333,FFFFFF,1.0,,,,P21 :Banashankari -Mathikere,False,
P25G,BMTCB,,Kempegowda Bus Station -Kuvempunagar (BTM Layout),,3,,F53333,FFFFFF,1.0,,,,P25G :Kempegowda Bus Station -Kuvempunagar (BTM Layout),False,
P29,BMTCB,,Shivajinagar -J P Nagar 6th Phase,,3,,F53333,FFFFFF,1.0,,,,P29 :Shivajinagar -J P Nagar 6th Phase,False,
P30,BMTCB,,Kempegowda Bus Station -Koramangala Kendriya Sadan,,3,,F53333,FFFFFF,1.0,,,,P30 :Kempegowda Bus Station -Koramangala Kendriya Sadan,False,
P36A,BMTCB,,Kempegowda Bus Station -Avalahalli BDA Park,,3,,F53333,FFFFFF,1.0,,,,P36A :Kempegowda Bus Station -Avalahalli BDA Park,False,
P37,BMTCB,,Shivajinagar -Srinagar,,3,,F53333,FFFFFF,1.0,,,,P37 :Shivajinagar -Srinagar,False,
P45G,BMTCB,,Kempegowda Bus Station -Banashankari 3rd Stage 3rd Phase,,3,,F53333,FFFFFF,1.0,,,,P45G :Kempegowda Bus Station -Banashankari 3rd Stage 3rd Phase,False,
P45H,BMTCB,,Kempegowda Bus Station -Bhuvaneshwarinagar (Katriguppe),,3,,F53333,FFFFFF,1.0,,,,P45H :Kempegowda Bus Station -Bhuvaneshwarinagar (Katriguppe),False,
P55,BMTCB,,K R Market -Jagajeevanramnagar,,3,,F53333,FFFFFF,1.0,,,,P55 :K R Market -Jagajeevanramnagar,False,
P60A,BMTCB,,Jayanagar 9th Block -Vijayanagar,,3,,F53333,FFFFFF,1.0,,,,P60A :Jayanagar 9th Block -Vijayanagar,False,
P61A,BMTCB,,Kempegowda Bus Station -Chandra Layout,,3,,F53333,FFFFFF,1.0,,,,P61A :Kempegowda Bus Station -Chandra Layout,False,
P62D,BMTCB,,Shivajinagar -Hampinagar,,3,,F53333,FFFFFF,1.0,,,,P62D :Shivajinagar -Hampinagar,False,
P63,BMTCB,,Shivajinagar -Vijayanagar Maruti Mandir,,3,,F53333,FFFFFF,1.0,,,,P63 :Shivajinagar -Vijayanagar Maruti Mandir,False,
P63C,BMTCB,,Shivajinagar -Vijayanagar,,3,,F53333,FFFFFF,1.0,,,,P63C :Shivajinagar -Vijayanagar,False,
P65B,BMTCB,,Banashankari -Basaveshwaranagar,,3,,F53333,FFFFFF,1.0,,,,P65B :Banashankari -Basaveshwaranagar,False,
P66A,BMTCB,,Shivajinagar -KHB Colony,,3,,F53333,FFFFFF,1.0,,,,P66A :Shivajinagar -KHB Colony,False,
P75,BMTCB,,Vijayanagar -Malleswaram 18th Cross,,3,,F53333,FFFFFF,1.0,,,,P75 :Vijayanagar -Malleswaram 18th Cross,False,
P80,BMTCB,,Kempegowda Bus Station -Mahalakshmi Layout,,3,,F53333,FFFFFF,1.0,,,,P80 :Kempegowda Bus Station -Mahalakshmi Layout,False,
P80A,BMTCB,,Kempegowda Bus Station -Nandini Layout,,3,,F53333,FFFFFF,1.0,,,,P80A :Kempegowda Bus Station -Nandini Layout,False,
P81,BMTCB,,Shivajinagar -Padmanabhanagar,,3,,F53333,FFFFFF,1.0,,,,P81 :Shivajinagar -Padmanabhanagar,False,
P82B,BMTCB,,Kempegowda Bus Station -Government Soap Factory,,3,,F53333,FFFFFF,1.0,,,,P82B :Kempegowda Bus Station -Government Soap Factory,False,
P87,BMTCB,,Kempegowda Bus Station -Hampinagar,,3,,F53333,FFFFFF,1.0,,,,P87 :Kempegowda Bus Station -Hampinagar,False,
P95,BMTCB,,Shivajinagar -Kamalanagar BEML Layout,,3,,F53333,FFFFFF,1.0,,,,P95 :Shivajinagar -Kamalanagar BEML Layout,False,
P96D,BMTCB,,Kempegowda Bus Station -Kamalanagar,,3,,F53333,FFFFFF,1.0,,,,P96D :Kempegowda Bus Station -Kamalanagar,False,
P108B,BMTCB,,Kempegowda Bus Station -Ganganagar,,3,,F53333,FFFFFF,1.0,,,,P108B :Kempegowda Bus Station -Ganganagar,False,
P114A,BMTCB,,Shivajinagar -Sultanpalya,,3,,F53333,FFFFFF,1.0,,,,P114A :Shivajinagar -Sultanpalya,False,
P114C,BMTCB,,Kempegowda Bus Station -Sultanpalya,,3,,F53333,FFFFFF,1.0,,,,P114C :Kempegowda Bus Station -Sultanpalya,False,
P138,BMTCB,,Kempegowda Bus Station -Jeevanabhimanagar,,3,,F53333,FFFFFF,1.0,,,,P138 :Kempegowda Bus Station -Jeevanabhimanagar,False,
P139,BMTCB,,Shivajinagar -Jeevanabhimanagar,,3,,F53333,FFFFFF,1.0,,,,P139 :Shivajinagar -Jeevanabhimanagar,False,
P171,BMTCB,,Kempegowda Bus Station -Koramangala,,3,,F53333,FFFFFF,1.0,,,,P171 :Kempegowda Bus Station -Koramangala,False,
P171B,BMTCB,,Kempegowda Bus Station -Koramangala 8th Block,,3,,F53333,FFFFFF,1.0,,,,P171B :Kempegowda Bus Station -Koramangala 8th Block,False,
P176,BMTCB,,Hampinagar -Kaval Byrasandra,,3,,F53333,FFFFFF,1.0,,,,P176 :Hampinagar -Kaval Byrasandra,False,
P195,BMTCB,,Shivajinagar -Chandra Layout,,3,,F53333,FFFFFF,1.0,,,,P195 :Shivajinagar -Chandra Layout,False,
P201A,BMTCB,,Srinagar -Domlur,,3,,F53333,FFFFFF,1.0,,,,P201A :Srinagar -Domlur,False,
P210A,BMTCB,,Kempegowda Bus Station -ISRO Layout,,3,,F53333,FFFFFF,1.0,,,,P210A :Kempegowda Bus Station -ISRO Layout,False,
P235,BMTCB,,Kempegowda Bus Station -Jnana Bharathi,,3,,F53333,FFFFFF,1.0,,,,P235 :Kempegowda Bus Station -Jnana Bharathi,False,
P244C,BMTCB,,Kempegowda Bus Station -Ambedkar Engineering College,,3,,F53333,FFFFFF,1.0,,,,P244C :Kempegowda Bus Station -Ambedkar Engineering College,False,
P244E,BMTCB,,Kempegowda Bus Station -Muneshwaranagar (Magadi Road),,3,,F53333,FFFFFF,1.0,,,,P244E :Kempegowda Bus Station -Muneshwaranagar (Magadi Road),False,
P276,BMTCB,,Kempegowda Bus Station -Vidyaranyapura,,3,,F53333,FFFFFF,1.0,,,,P276 :Kempegowda Bus Station -Vidyaranyapura,False,
P279,BMTCB,,Kempegowda Bus Station -Bhoopasandra,,3,,F53333,FFFFFF,1.0,,,,P279 :Kempegowda Bus Station -Bhoopasandra,False,
P279E,BMTCB,,Kempegowda Bus Station -Bhoopasandra,,3,,F53333,FFFFFF,1.0,,,,P279E :Kempegowda Bus Station -Bhoopasandra,False,
P290,BMTCB,,Kempegowda Bus Station -Nagavara,,3,,F53333,FFFFFF,1.0,,,,P290 :Kempegowda Bus Station -Nagavara,False,
P291J,BMTCB,,K R Market -Ramakrishna Hegde Nagar,,3,,F53333,FFFFFF,1.0,,,,P291J :K R Market -Ramakrishna Hegde Nagar,False,
P295B,BMTCB,,Kempegowda Bus Station -Doddagubbi,,3,,F53333,FFFFFF,1.0,,,,P295B :Kempegowda Bus Station -Doddagubbi,False,
P296,BMTCB,,Shivajinagar -Hennur Cross,,3,,F53333,FFFFFF,1.0,,,,P296 :Shivajinagar -Hennur Cross,False,
P300H,BMTCB,,Kempegowda Bus Station -ITI Colony (K R Puram),,3,,F53333,FFFFFF,1.0,,,,P300H :Kempegowda Bus Station -ITI Colony (K R Puram),False,
P302D,BMTCB,,K R Market -Kalyananagar,,3,,F53333,FFFFFF,1.0,,,,P302D :K R Market -Kalyananagar,False,
P302F,BMTCB,,Kempegowda Bus Station -Kalyananagar,,3,,F53333,FFFFFF,1.0,,,,P302F :Kempegowda Bus Station -Kalyananagar,False,
P314A,BMTCB,,Shivajinagar -DRDO Township 2nd Phase,,3,,F53333,FFFFFF,1.0,,,,P314A :Shivajinagar -DRDO Township 2nd Phase,False,
P314B,BMTCB,,Kempegowda Bus Station -DRDO Township 2nd Phase,,3,,F53333,FFFFFF,1.0,,,,P314B :Kempegowda Bus Station -DRDO Township 2nd Phase,False,
P333,BMTCB,,Kempegowda Bus Station -Marathahalli,,3,,F53333,FFFFFF,1.0,,,,P333 :Kempegowda Bus Station -Marathahalli,False,
P333E,BMTCB,,Kempegowda Bus Station -Kadugodi,,3,,F53333,FFFFFF,1.0,,,,P333E :Kempegowda Bus Station -Kadugodi,False,
P333L,BMTCB,,Chandra Layout -Kadugodi,,3,,F53333,FFFFFF,1.0,,,,P333L :Chandra Layout -Kadugodi,False,
P415D,BMTCB,,Kempegowda Bus Station -Sultanpalya,,3,,F53333,FFFFFF,1.0,,,,P415D :Kempegowda Bus Station -Sultanpalya,False,
TR1,BMTCB,,Hampinagar -Kuvempunagar (BTM Layout),,3,,F53333,FFFFFF,1.0,,,,TR1 :Hampinagar -Kuvempunagar (BTM Layout),False,
TR2,BMTCB,,Basaveshwaranagar -Koramangala,(171+88),3,,F53333,FFFFFF,1.0,,,,TR2:Basaveshwaranagar -Koramangala,False,
TR3,BMTCB,,Kaval Byrasandra -Ejipura,,3,,F53333,FFFFFF,1.0,,,,TR3:Kaval Byrasandra -Ejipura,False,
TR4,BMTCB,,Jagajeevanramnagar -Nagavara,(290+155),3,,F53333,FFFFFF,1.0,,,,TR4:Jagajeevanramnagar -Nagavara,False,
TR5,BMTCB,,J P Nagar 3rd Phase -Nandini Layout,(80A+25E),3,,F53333,FFFFFF,1.0,,,,TR5:J P Nagar 3rd Phase -Nandini Layout,False,
TR6,BMTCB,,Girinagar 2nd Stage -Sadashivanagar,(36B+104),3,,F53333,FFFFFF,1.0,,,,TR6:Girinagar 2nd Stage -Sadashivanagar,False,
TR7,BMTCB,,Banashankari 3rd Stage 2nd Phase -Jeevanahalli,(34A+127),3,,F53333,FFFFFF,1.0,,,,TR7:Banashankari 3rd Stage 2nd Phase -Jeevanahalli,False,
TR11,BMTCB,,Hampinagar -Jeevanabhimanagar,,3,,F53333,FFFFFF,1.0,,,,TR11 :Hampinagar -Jeevanabhimanagar,False,
TR12,BMTCB,,Srinagar -Yeshwanthpur Regulated Market,,3,,F53333,FFFFFF,1.0,,,,TR12 :Srinagar -Yeshwanthpur Regulated Market,False,
V2,BMTCB,,Kempegowda Bus Station -J P Nagar 6th Phase,,3,,F53333,FFFFFF,1.0,,,,V2:Kempegowda Bus Station -J P Nagar 6th Phase,True,Bangalore South
V2K,BMTCB,,Kempegowda Bus Station -J P Nagar Kalyani Magnum,,3,,F53333,FFFFFF,1.0,,,,V2K :Kempegowda Bus Station -J P Nagar Kalyani Magnum,True,Bangalore South
VJ10,BMTCB,,Kempegowda Bus Station -Avalahalli BDA Park,,3,,F53333,FFFFFF,1.0,,,,VJ10:Kempegowda Bus Station -Avalahalli BDA Park,True,Bangalore West
V25A,BMTCB,,Kuvempunagar (BTM Layout) -Kempegowda bus station,,3,,F53333,FFFFFF,1.0,,,,V25A:Kuvempunagar (BTM Layout) -Kempegowda bus station,True,Bangalore South
V45G,BMTCB,,Kempegowda Bus Station -Banashankari 3rd Stage 3rd Phase,,3,,F53333,FFFFFF,1.0,,,,V45G:Kempegowda Bus Station -Banashankari 3rd Stage 3rd Phase,True,
V195,BMTCB,,Shivajinagar -Chandra Layout,,3,,F53333,FFFFFF,1.0,,,,V195:Shivajinagar -Chandra Layout,True,
V201G,BMTCB,,Banashankari -Jeevanabhimanagar,,3,,F53333,FFFFFF,1.0,,,,V201G:Banashankari -Jeevanabhimanagar,True,
V201R,BMTCB,,Srinagar -C V Raman Nagar,,3,,F53333,FFFFFF,1.0,,,,V201R:Srinagar -C V Raman Nagar,True,
V258C,BMTCB,,Kempegowda Bus Station -Nelamangala,,3,,F53333,FFFFFF,1.0,,,,V258C:Kempegowda Bus Station -Nelamangala,True,
V276,BMTCB,,Kempegowda Bus Station -Vidyaranyapura,,3,,F53333,FFFFFF,1.0,,,,V276:Kempegowda Bus Station -Vidyaranyapura,True,
V276G,BMTCB,,Vidyaranyapura -Electronic City,,3,,F53333,FFFFFF,1.0,,,,V276G:Vidyaranyapura -Electronic City,True,
V225CA,BMTCB,,Kempegowda Bus Station -BGS Health City,,3,,F53333,FFFFFF,1.0,,,,V225CA:Kempegowda Bus Station -BGS Health City,True,
V250I,BMTCB,,Kempegowda Bus Station -Chikkabanavara,,3,,F53333,FFFFFF,1.0,,,,V250I:Kempegowda Bus Station -Chikkabanavara,True,
V287,BMTCB,,Kempegowda Bus station- Hebbala,,3,,F53333,FFFFFF,1.0,,,Mostly found while shift changings and trip endings due to Depot-28 presence at Hebbal,V287: KBS- Hebbala,True,
V319C,BMTCB,,Kempegowda Bus Station -Kadugodi,,3,,F53333,FFFFFF,1.0,,,,V319C:Kempegowda Bus Station -Kadugodi,True,
V328M,BMTCB,,Kempegowda Bus Station -Gunjur,,3,,F53333,FFFFFF,1.0,,,,V328M:Kempegowda Bus Station -Gunjur,True,
V331A,BMTCB,,Shivajinagar -Kadugodi,,3,,F53333,FFFFFF,1.0,,,,V331A:Shivajinagar -Kadugodi,True,
V333P,BMTCB,,Kempegowda Bus Station -ITPL,,3,,F53333,FFFFFF,1.0,,,,V333P:Kempegowda Bus Station -ITPL,True,
V333R,BMTCB,,Kempegowda Bus Station -Marathahalli Bridge,,3,,F53333,FFFFFF,1.0,,,,V333R:Kempegowda Bus Station -Marathahalli Bridge,True,
V333T,BMTCB,,Nagarabhavi BDA Complex -Marathahalli Bridge,,3,,F53333,FFFFFF,1.0,,,,V333T:Nagarabhavi BDA Complex -Marathahalli Bridge,True,
V333W,BMTCB,,Kempegowda Bus Station -Kannalli,,3,,F53333,FFFFFF,1.0,,,,V333W:Kempegowda Bus Station -Kannalli,True,
V333Z,BMTCB,,Mahalakshmi Layout -ITPL,,3,,F53333,FFFFFF,1.0,,,,V333Z:Mahalakshmi Layout -ITPL,True,
V335E,BMTCB,,Kempegowda Bus Station -Kadugodi,,3,,F53333,FFFFFF,1.0,,,,V335E:Kempegowda Bus Station -Kadugodi,True,
V335EA,BMTCB,,Yeshwanthpur -ITPL,,3,,F53333,FFFFFF,1.0,,,,V335EA:Yeshwanthpur -ITPL,True,
V335T,BMTCB,,Basaveshwaranagar -ITPL,,3,,F53333,FFFFFF,1.0,,,,V335T:Basaveshwaranagar -ITPL,True,
V356C,BMTCB,,Kempegowda Bus Station -Electronic City,,3,,F53333,FFFFFF,1.0,,,,V356C:Kempegowda Bus Station -Electronic City,True,
V356M,BMTCB,,Kempegowda Bus Station -Anekal,,3,,F53333,FFFFFF,1.0,,,,V356M:Kempegowda Bus Station -Anekal,True,
V356N,BMTCB,,Kempegowda Bus Station -Narayana Hrudayalaya,,3,,F53333,FFFFFF,1.0,,,,V356N:Kempegowda Bus Station -Narayana Hrudayalaya,True,
V356P,BMTCB,,Basaveshwaranagar -Electronic City,,3,,F53333,FFFFFF,1.0,,,,V356P:Basaveshwaranagar -Electronic City,True,
V356Q,BMTCB,,Kempegowda Bus Station -Electronic City Wipro Gate via Jayanagar,,3,,F53333,FFFFFF,1.0,,,,V356Q:Kempegowda Bus Station -Electronic City Wipro Gate via Jayanagar,True,
V360B,BMTCB,,Kempegowda Bus Station -Attibele,,3,,F53333,FFFFFF,1.0,,,,V360B:Kempegowda Bus Station -Attibele,True,
V362E,BMTCB,,Shivajinagar -Electronic City,,3,,F53333,FFFFFF,1.0,,,,V362E:Shivajinagar -Electronic City,True,
V365,BMTCB,,Kempegowda Bus Station -Bannerghatta National Park,,3,,F53333,FFFFFF,1.0,,,,V365:Kempegowda Bus Station -Bannerghatta National Park,True,
V365B,BMTCB,,Kempegowda Bus station-Gottigere,,3,,F53333,FFFFFF,1.0,,,,V365B:Kempegowda Bus station-Gottigere,True,
V365P,BMTCB,,Kempegowda Bus Station -Anekal,,3,,F53333,FFFFFF,1.0,,,,V365P:Kempegowda Bus Station -Anekal,True,
V373G,BMTCB,,Srinagar-Banashankari Electronic City,,3,,F53333,FFFFFF,1.0,,,,V373G:Srinagar-Banashankari Electronic City,True,
V373GR,BMTCB,,Rajarajeshwari nagar- Electronic city,,3,,F53333,FFFFFF,1.0,,,,V373GR:Rajarajeshwari nagar- Electronic city,True,
V375A,BMTCB,,Kengeri Housing Board Quarters -Electronic City Wipro Gate,,3,,F53333,FFFFFF,1.0,,,,V375A:Kengeri Housing Board Quarters -Electronic City Wipro Gate,True,
V402B,BMTCB,,Kempegowda Bus Station -Yelahanka Satellite Town 5th Phase,,3,,F53333,FFFFFF,1.0,,,,V402B:Kempegowda Bus Station -Yelahanka Satellite Town 5th Phase,True,
V402T,BMTCB,,Yelahanka Satellite Town 5th Phase -ITPL,,3,,F53333,FFFFFF,1.0,,,,V402T:Yelahanka Satellite Town 5th Phase -ITPL,True,
V411L,BMTCB,,Shanthinagar Bus Station -Kadugodi,,3,,F53333,FFFFFF,1.0,,,,V411L:Shanthinagar Bus Station -Kadugodi,True,
V411K,BMTCB,,Bannerghatta-Marathahalli,,3,,F53333,FFFFFF,1.0,,,,V411K:Bannerghatta-Marathahalli,True,
V500A,BMTCB,,Banashankari -Hebbal,,3,,F53333,FFFFFF,1.0,,,,V500A:Banashankari -Hebbal,True,
V500C,BMTCB,,Banashankari-ITPL,,3,,F53333,FFFFFF,1.0,,,,V500C:Banashankari-ITPL,True,
V500D,BMTCB,,Central Silk Board -Hebbal,,3,,F53333,FFFFFF,1.0,,,,V500D:Central Silk Board -Hebbal,True,
V500DA,BMTCB,,Electronic City -Yelahanka Satellite Town 5th Phase,,3,,F53333,FFFFFF,1.0,,,,V500DA:Electronic City -Yelahanka Satellite Town 5th Phase,True,
V500DB,BMTCB,,Hope Farm -Hebbal,,3,,F53333,FFFFFF,1.0,,,,V500DB:Hope Farm -Hebbal,True,
V500K,BMTCB,,Vijayanagar -ITPL,,3,,F53333,FFFFFF,1.0,,,,V500K:Vijayanagar -ITPL,True,
V500KA,BMTCB,,ISKCON -ITPL,,3,,F53333,FFFFFF,1.0,,,,V500KA:ISKCON -ITPL,True,
V500KB,BMTCB,,Chowdeshwari Bus Station -ITPL,,3,,F53333,FFFFFF,1.0,,,,V500KB:Chowdeshwari Bus Station -ITPL,True,
V500KC,BMTCB,,Nagarabhavi BDA Complex -ITPL,,3,,F53333,FFFFFF,1.0,,,,V500KC:Nagarabhavi BDA Complex -ITPL,True,
V500KG,BMTCB,,Global Village(Mysore road)- ITPL,,3,,F53333,FFFFFF,1.0,,,,V500KG:Global Village(Mysore road)- ITPL,True,
V500KM,BMTCB,,J P Nagar Kalyani Magnum -ITPL,,3,,F53333,FFFFFF,1.0,,,,V500KM:J P Nagar Kalyani Magnum -ITPL,True,
V500KR,BMTCB,,BEML 5th Stage -ITPL,,3,,F53333,FFFFFF,1.0,,,,V500KR:BEML 5th Stage -ITPL,True,
V500KS,BMTCB,,Kengeri Housing Board Quarters -ITPL,,3,,F53333,FFFFFF,1.0,,,,V500KS:Kengeri Housing Board Quarters -ITPL,True,
V500N,BMTCB,,Vijayanagar -ITPL,,3,,F53333,FFFFFF,1.0,,,,V500N:Vijayanagar -ITPL,True,
V500NA,BMTCB,,Silk board-ITPL,,3,,F53333,FFFFFF,1.0,,,,V500NA:Silk board-ITPL,True,
V500P,BMTCB,,Chikkalasandra -ITPL,,3,,F53333,FFFFFF,1.0,,,,V500P:Chikkalasandra -ITPL,True,
V500W,BMTCB,,ISRO Layout -ITPL,,3,,F53333,FFFFFF,1.0,,,,V500W:ISRO Layout -ITPL,True,
V505,BMTCB,,Electronic City -ITPL,,3,,F53333,FFFFFF,1.0,,,,V505:Electronic City -ITPL,True,
V505A,BMTCB,,Domlur -Electronic City Wipro Gate,,3,,F53333,FFFFFF,1.0,,,,V505A:Domlur -Electronic City Wipro Gate,True,
V600CK,BMTCB,,Electronic City-Banashankari,,3,,F53333,FFFFFF,1.0,,,,V600CK:Electronic City-Banashankari,True,
V600K,BMTCB,,Vijayanagar -Narayana Hrudayalaya,,3,,F53333,FFFFFF,1.0,,,,V600K:Vijayanagar -Narayana Hrudayalaya,True,
V600KA,BMTCB,,Vijayanagar -Electronic City Phase-2,,3,,F53333,FFFFFF,1.0,,,,V600KA:Vijayanagar -Electronic City Phase-2,True,
V600KC,BMTCB,,Nagarabhavi BDA Complex -Electronic City,,3,,F53333,FFFFFF,1.0,,,,V600KC:Nagarabhavi BDA Complex -Electronic City,True,
V600KG,BMTCB,,Global Village(Mysore road)- Electronic City,,3,,F53333,FFFFFF,1.0,,,,V600KG:Global Village(Mysore road)- Electronic City,True,
V600Q,BMTCB,,Banashankari-Jayanagar 4th block-Electronic city,,3,,F53333,FFFFFF,1.0,,,,V600Q:Banashankari-Jayanagar 4th block-Electronic city,True,
V600M,BMTCB,,Chikkalasandra -Electronic City Wipro Gate,,3,,F53333,FFFFFF,1.0,,,,V600M:Chikkalasandra -Electronic City Wipro Gate,True,
LRYH1,LTRAINB,,Yeshwantpur-Hosur,,2,,0000FF,FFFFFF,1.0,,,,LRYH1:Yeshwantpur-Hosur,True,Bommanahalli
LR572,LTRAINB,,Bangalore-Hosur,,2,,0000FF,FFFFFF,1.0,,,,LR572:Bangalore-Hosur,True,Bangalore East
LRYH2,LTRAINB,,Yeshwantpur-Hosur,,2,,0000FF,FFFFFF,1.0,,,,LRYH2:Yeshwantpur-Hosur,True,Bommanahalli
LR574,LTRAINB,,Yeshwantpur-Hosur,,2,,0000FF,FFFFFF,1.0,,,,LR574:Yeshwantpur-Hosur,True,Bommanahalli
LRHY1,LTRAINB,,Hosur-Yeshwantpur,,2,,0000FF,FFFFFF,1.0,,,,LRHY1:Hosur-Yeshwantpur,True,Bommanahalli
LR571,LTRAINB,,Salem-Bangalore,,2,,0000FF,FFFFFF,1.0,,,,LR571:Salem-Bangalore,True,Bommanahalli
LR573,LTRAINB,,Hosur-Bangalore,,2,,0000FF,FFFFFF,1.0,,,,LR573:Hosur-Bangalore,True,Bommanahalli
LRHY2,LTRAINB,,Hosur-Yeshwantpur,,2,,0000FF,FFFFFF,1.0,,,,LRHY2:Hosur-Yeshwantpur,True,Bommanahalli
LRYD1,LTRAINB,,Yeshwantpur-Devanahalli,,2,,0000FF,FFFFFF,1.0,,,,LRYD1:Yeshwantpur-Devanahalli,True,Byatarayanapura
LR102,LTRAINB,,Bangalore-Bangarpet,,2,,0000FF,FFFFFF,1.0,,,,LR102:Bangalore-Bangarpet,True,Bangalore East
LR526,LTRAINB,,Bangalore- Bangarpet,,2,,0000FF,FFFFFF,1.0,,,,LR526:Bangalore- Bangarpet,True,Bangalore East
LR433,LTRAINB,,Yeshvantapur- Doddaballapur,,2,,0000FF,FFFFFF,1.0,,,,LR433:Yeshvantapur- Doddaballapur,True,Byatarayanapura
LR101,LTRAINB,,Bangarpet- Bangalore,,2,,0000FF,FFFFFF,1.0,,,,LR101:Bangarpet- Bangalore,True,Bangalore East
LR434,LTRAINB,,Doddaballapur- Yeshvantapur,,2,,0000FF,FFFFFF,1.0,,,,LR434:Doddaballapur- Yeshvantapur,True,Byatarayanapura
LR551,LTRAINB,,Chikballapur-Bangalore,,2,,0000FF,FFFFFF,1.0,,,,LR551:Chikballapur-Bangalore,True,Bangalore East
LR6521,LTRAINB,,Bangarpet- Bangalore,,2,,0000FF,FFFFFF,1.0,,,,LR6521:Bangarpet- Bangalore,True,Bangalore East
LR2610,LTRAINB,,Bangalore-Chennai,,2,,0000FF,FFFFFF,1.0,,,,LR2610:Bangalore-Chennai,True,Bangalore East
LR2609,LTRAINB,,Chennai-Bangalore,,2,,0000FF,FFFFFF,1.0,,,,LR2609:Chennai-Bangalore,True,Bangalore East
LR2677,LTRAINB,,Bangalore-Ernakulam,,2,,0000FF,FFFFFF,1.0,,,,LR2677:Bangalore-Ernakulam,True,Bangalore West
LR2678,LTRAINB,,Ernakulam-Bangalore,,2,,0000FF,FFFFFF,1.0,,,,LR2678:Ernakulam-Bangalore,True,Bommanahalli
LR6222,LTRAINB,,Bangalore-Mysore,,2,,0000FF,FFFFFF,1.0,,,,LR6222:Bangalore-Mysore,True,Bangalore East
LR6216,LTRAINB,,Bangalore-Mysore,,2,,0000FF,FFFFFF,1.0,,,,LR6216:Bangalore-Mysore,True,Rajarajeshwari Nagara
LR6731,LTRAINB,,Bangalore-Mysore,,2,,0000FF,FFFFFF,1.0,,,,LR6731:Bangalore-Mysore,True,Bangalore East
LR7304,LTRAINB,,Bangalore-Mysore,,2,,0000FF,FFFFFF,1.0,,,,LR7304:Bangalore-Mysore,True,Rajarajeshwari Nagara
LR214,LTRAINB,,Bangalore-Mysore,,2,,0000FF,FFFFFF,1.0,,,,LR214:Bangalore-Mysore,True,Bangalore East
LR230,LTRAINB,,Bangalore-Mysore,,2,,0000FF,FFFFFF,1.0,,,,LR230:Bangalore-Mysore,True,Rajarajeshwari Nagara
LR238,LTRAINB,,Bangalore-Mysore,,2,,0000FF,FFFFFF,1.0,,,,LR238:Bangalore-Mysore,True,Rajarajeshwari Nagara
LR232,LTRAINB,,Bangalore-Mysore,,2,,0000FF,FFFFFF,1.0,,,,LR232:Bangalore-Mysore,True,Rajarajeshwari Nagara
LR234,LTRAINB,,Bangalore-Mysore,,2,,0000FF,FFFFFF,1.0,,,,LR234:Bangalore-Mysore,True,Rajarajeshwari Nagara
LR236,LTRAINB,,Bangalore-Mysore,,2,,0000FF,FFFFFF,1.0,,,,LR236:Bangalore-Mysore,True,Rajarajeshwari Nagara
LR6232,LTRAINB,,Mysore-Mayiladuthurai,,2,,0000FF,FFFFFF,1.0,,,,LR6232:Mysore-Mayiladuthurai,True,Rajarajeshwari Nagara
LR6527,LTRAINB,,Yeshvantapur- Kannur,,2,,0000FF,FFFFFF,1.0,,,,LR6527:Yeshvantapur- Kannur,True,Dasarahalli
D2,BMTCB,,Shantinagar Depot buses,,3,,F53333,FFFFFF,1.0,,,,D2:Shantinagar Depot buses,False,
D3,BMTCB,,Shantinagar Depot buses,,3,,F53333,FFFFFF,1.0,,,,D3:Shantinagar Depot buses,False,
D4,BMTCB,,Sanjay Gandhi Hospital (Jayanagar),,3,,F53333,FFFFFF,1.0,,,,D4:Sanjay Gandhi Hospital (Jayanagar),False,
D5,BMTCB,,Vijayanagar,,3,,F53333,FFFFFF,1.0,,,,D5:Vijayanagar,False,
D6,BMTCB,,Indiranagar (Old Madras Road),,3,,F53333,FFFFFF,1.0,,,,D6:Indiranagar (Old Madras Road),False,
D7,BMTCB,,Kempegowda bus station,,3,,F53333,FFFFFF,1.0,,,,D7:Kempegowda bus station,False,
D8,BMTCB,,Yeshvantapur depot,,3,,F53333,FFFFFF,1.0,,,,D8:Yeshvantapur depot,False,
D-9,BMTCB,,Peenya(NTTF) depot,,3,,F53333,FFFFFF,1.0,,,,D-9:Peenya(NTTF) depot,False,
D10,BMTCB,,Hennur Banaswadi depot,,3,,F53333,FFFFFF,1.0,,,,D10:Hennur Banaswadi depot,False,
D11,BMTCB,,Yelahanka Depot,,3,,F53333,FFFFFF,1.0,,,,D11:Yelahanka Depot,False,
D12,BMTCB,,Kengeri (Mysore Road),,3,,F53333,FFFFFF,1.0,,,,D12:Kengeri (Mysore Road),False,
D13,BMTCB,,Kamakhya (Kathriguppe),,3,,F53333,FFFFFF,1.0,,,,D13:Kamakhya (Kathriguppe),False,
D14,BMTCB,,R.T.Nagar depot,,3,,F53333,FFFFFF,1.0,,,,D14:R.T.Nagar depot,False,
D15,BMTCB,,Koramangla near NGV,,3,,F53333,FFFFFF,1.0,,,,D15:Koramangla near NGV,False,
D16,BMTCB,,Deepanjali nagar(Hampi nagar),,3,,F53333,FFFFFF,1.0,,,,D16:Deepanjali nagar(Hampi nagar),False,
D17,BMTCB,,Chandra layout,,3,,F53333,FFFFFF,1.0,,,,D17:Chandra layout,False,
D18,BMTCB,,ITPL Depot,,3,,F53333,FFFFFF,1.0,,,,D18:ITPL Depot,False,
D19,BMTCB,,Electronic City Depot,,3,,F53333,FFFFFF,1.0,,,,D19:Electronic City Depot,False,
D20,BMTCB,,Banashankari Depot,,3,,F53333,FFFFFF,1.0,,,,D20:Banashankari Depot,False,
D21,BMTCB,,Chennasandra (Rajarajeshwari nagar),,3,,F53333,FFFFFF,1.0,,,,D21:Chennasandra (Rajarajeshwari nagar),False,
D22,BMTCB,,Peenya depot,,3,,F53333,FFFFFF,1.0,,,,D22:Peenya depot,False,
D23,BMTCB,,Kalyana nagar depot,,3,,F53333,FFFFFF,1.0,,,,D23:Kalyana nagar depot,False,
D24,BMTCB,,Krishnarajapuram depot,,3,,F53333,FFFFFF,1.0,,,,D24:Krishnarajapuram depot,False,
D25,BMTCB,,HSR layout(Agara),,3,,F53333,FFFFFF,1.0,,,,D25:HSR layout(Agara),False,
D26,BMTCB,,Yeshvantapura,,3,,F53333,FFFFFF,1.0,,,,D26:Yeshvantapura,False,
D27,BMTCB,,Jigani (Bannerghatta road),,3,,F53333,FFFFFF,1.0,,,,D27:Jigani (Bannerghatta road),False,
D28,BMTCB,,Hebbala,,3,,F53333,FFFFFF,1.0,,,,D28:Hebbala,False,
D29,BMTCB,,Krishnarajapuram depot,,3,,F53333,FFFFFF,1.0,,,,D29:Krishnarajapuram depot,False,
D30,BMTCB,,Yelahanka Depot,,3,,F53333,FFFFFF,1.0,,,,D30:Yelahanka Depot,False,
D31,BMTCB,,Srigandha Kavalu,,3,,F53333,FFFFFF,1.0,,,,D31:Srigandha Kavalu,False,
D32,BMTCB,,Sun city(Surya city Hosur road),,3,,F53333,FFFFFF,1.0,,,,D32:Sun city(Surya city Hosur road),False,
D33,BMTCB,,Poornapragna layout (Uttarahalli),,3,,F53333,FFFFFF,1.0,,,,D33:Poornapragna layout (Uttarahalli),False,
D34,BMTCB,,Kothnur Dinne(Between Kanakapura and Bannerghatta roads),,3,,F53333,FFFFFF,1.0,,,,D34:Kothnur Dinne(Between Kanakapura and Bannerghatta roads),False,
D35,BMTCB,,Kannali (Sarjapur road,,3,,F53333,FFFFFF,1.0,,,,D35:Kannali (Sarjapur road,False,
D36,BMTCB,,Bidadi(Mysore Road),,3,,F53333,FFFFFF,1.0,,,,D36:Bidadi(Mysore Road),False,
V500BM,BMTCB,,Brigarde Millinium-ITPL,Volvo,3,,F53333,FFFFFF,1.0,,,intro on 26-jul-2010,V500BM:Brigarde Millinium-ITPL,False,
V215BM,BMTCB,,Brigade Millenium- Kempegowda bu station,Volvo,3,,F53333,FFFFFF,1.0,,,intro on 26-jul-2010,V215BM:Brigade Millenium- Kempegowda bu station,False,
LR7209,LTRAINB,,7209Bangalore-Kakinada Seshadri,Express,2,,F53333,FFFFFF,1.0,,,,LR7209:7209Bangalore-Kakinada Seshadri,True,Bangalore East
LR2640,LTRAINB,,2640 Bangalore Chennai Brindavan Express,,2,,F53333,FFFFFF,1.0,,,,LR2640:2640 Bangalore Chennai Brindavan Express,True,Bangalore East
LR2786,LTRAINB,,2786 Bangalore- Kacheguda Express,,2,,F53333,FFFFFF,1.0,,,,LR2786:2786 Bangalore- Kacheguda Express,True,Bangalore West
LR530,LTRAINB,,530: Bangalore Bangarpet passenger,,2,,F53333,FFFFFF,1.0,,,,LR530: Bangalore-Bangarpet passenger,True,Bangalore East
LR6519,LTRAINB,,6519: jolarpettai- Bangalore,,2,,F53333,FFFFFF,1.0,,,,LR6519: Jolarpettai- Bangalore,True,Bangalore East
